Staff ID,Locality,Work Room,Schedule,Home Latitude,Home Longitude
STAFF-001,STAFF-001,bharti_school,Work Hours: 08:00-18:00 (Mon-Fri) | Lunch Break: 12:00-14:00,28.5400749,77.1980027
STAFF-002,STAFF-002,main_building,Work Hours: 08:00-18:00 (Mon-Fri) | Lunch Break: 12:00-14:00,28.5397984,77.1987447
STAFF-003,STAFF-003,main_building,Work Hours: 08:00-18:00 (Mon-Fri) | Lunch Break: 12:00-14:00,28.5405748,77.1971985
STAFF-004,STAFF-004,saha,Work Hours: 08:00-18:00 (Mon-Fri) | Lunch Break: 12:00-14:00,28.5405971,77.1965034
STAFF-005,STAFF-005,kara,Work Hours: 08:00-18:00 (Mon-Fri) | Lunch Break: 12:00-14:00,28.5404166,77.1976374
STAFF-006,STAFF-006,ara,Work Hours: 08:00-18:00 (Mon-Fri) | Lunch Break: 12:00-14:00,28.5404595,77.1968988
STAFF-007,STAFF-007,udai,Work Hours: 08:00-18:00 (Mon-Fri) | Lunch Break: 12:00-14:00,28.5403154,77.1972854
STAFF-008,STAFF-008,library,Work Hours: 08:00-18:00 (Mon-Fri) | Lunch Break: 12:00-14:00,28.5402583,77.1985064
STAFF-009,STAFF-009,sat,Work Hours: 08:00-18:00 (Mon-Fri) | Lunch Break: 12:00-14:00,28.541012,77.1990517
STAFF-010,STAFF-010,DMS,Work Hours: 08:00-18:00 (Mon-Fri) | Lunch Break: 12:00-14:00,28.5419195,77.194272
STAFF-011,STAFF-011,DMS,Work Hours: 08:00-18:00 (Mon-Fri) | Lunch Break: 12:00-14:00,28.5413073,77.1945159
STAFF-012,STAFF-012,math_dept,Work Hours: 08:00-18:00 (Mon-Fri) | Lunch Break: 12:00-14:00,28.5406689,77.1988643
STAFF-013,STAFF-013,kum,Work Hours: 08:00-18:00 (Mon-Fri) | Lunch Break: 12:00-14:00,28.5424448,77.1997137
STAFF-014,STAFF-014,lhc,Work Hours: 08:00-18:00 (Mon-Fri) | Lunch Break: 12:00-14:00,28.5419326,77.1994723
STAFF-015,STAFF-015,nil,Work Hours: 08:00-18:00 (Mon-Fri) | Lunch Break: 12:00-14:00,28.5412736,77.1963086
STAFF-016,STAFF-016,jwala,Work Hours: 08:00-18:00 (Mon-Fri) | Lunch Break: 12:00-14:00,28.5413576,77.1960593
STAFF-017,STAFF-017,lhc,Work Hours: 08:00-18:00 (Mon-Fri) | Lunch Break: 12:00-14:00,28.5427064,77.1998208
STAFF-018,STAFF-018,block3,Work Hours: 08:00-18:00 (Mon-Fri) | Lunch Break: 12:00-14:00,28.5411551,77.1992087
STAFF-019,STAFF-019,udai,Work Hours: 08:00-18:00 (Mon-Fri) | Lunch Break: 12:00-14:00,28.5413063,77.1974971
STAFF-020,STAFF-020,udai,Work Hours: 08:00-18:00 (Mon-Fri) | Lunch Break: 12:00-14:00,28.5417395,77.1947532
STAFF-021,STAFF-021,ws,Work Hours: 08:00-18:00 (Mon-Fri) | Lunch Break: 12:00-14:00,28.5411579,77.1956265
STAFF-022,STAFF-022,library,Work Hours: 08:00-18:00 (Mon-Fri) | Lunch Break: 12:00-14:00,28.540861,77.1963973
STAFF-023,STAFF-023,math_dept,Work Hours: 08:00-18:00 (Mon-Fri) | Lunch Break: 12:00-14:00,28.5407532,77.1961026
STAFF-024,STAFF-024,lhc,Work Hours: 08:00-18:00 (Mon-Fri) | Lunch Break: 12:00-14:00,28.5410115,77.1960104
STAFF-025,STAFF-025,main_building,Work Hours: 08:00-18:00 (Mon-Fri) | Lunch Break: 12:00-14:00,28.5413012,77.1952285
STAFF-026,STAFF-026,main_building,Work Hours: 08:00-18:00 (Mon-Fri) | Lunch Break: 12:00-14:00,28.5407222,77.1967979
STAFF-027,STAFF-027,library,Work Hours: 08:00-18:00 (Mon-Fri) | Lunch Break: 12:00-14:00,28.5408968,77.1956918
STAFF-028,STAFF-028,nil,Work Hours: 08:00-18:00 (Mon-Fri) | Lunch Break: 12:00-14:00,28.5414535,77.1957924
STAFF-029,STAFF-029,saha,Work Hours: 08:00-18:00 (Mon-Fri) | Lunch Break: 12:00-14:00,28.5416714,77.1993411
STAFF-030,STAFF-030,DMS,Work Hours: 08:00-18:00 (Mon-Fri) | Lunch Break: 12:00-14:00,28.5408054,77.1986909
STAFF-031,STAFF-031,main_building,Work Hours: 08:00-18:00 (Mon-Fri) | Lunch Break: 12:00-14:00,28.540903,77.1972803
STAFF-032,STAFF-032,block4,Work Hours: 08:00-18:00 (Mon-Fri) | Lunch Break: 12:00-14:00,28.5409938,77.197243
STAFF-033,STAFF-033,bharti_school,Work Hours: 08:00-18:00 (Mon-Fri) | Lunch Break: 12:00-14:00,28.541039,77.1953149
STAFF-034,STAFF-034,main_building,Work Hours: 08:00-18:00 (Mon-Fri) | Lunch Break: 12:00-14:00,28.5420092,77.1970516
STAFF-035,STAFF-035,block6,Work Hours: 08:00-18:00 (Mon-Fri) | Lunch Break: 12:00-14:00,28.5417965,77.1980773
STAFF-036,STAFF-036,ws,Work Hours: 08:00-18:00 (Mon-Fri) | Lunch Break: 12:00-14:00,28.5408226,77.1977043
STAFF-037,STAFF-037,ws,Work Hours: 08:00-18:00 (Mon-Fri) | Lunch Break: 12:00-14:00,28.542273,77.1968686
STAFF-038,STAFF-038,main_building,Work Hours: 08:00-18:00 (Mon-Fri) | Lunch Break: 12:00-14:00,28.5421296,77.1971588
STAFF-039,STAFF-039,main_building,Work Hours: 08:00-18:00 (Mon-Fri) | Lunch Break: 12:00-14:00,28.5419364,77.1978049
STAFF-040,STAFF-040,lhc,Work Hours: 08:00-18:00 (Mon-Fri) | Lunch Break: 12:00-14:00,28.5423428,77.1957815
STAFF-041,STAFF-041,shiv,Work Hours: 08:00-18:00 (Mon-Fri) | Lunch Break: 12:00-14:00,28.5417726,77.1982498
STAFF-042,STAFF-042,main_building,Work Hours: 08:00-18:00 (Mon-Fri) | Lunch Break: 12:00-14:00,28.5407254,77.1977394
STAFF-043,STAFF-043,udai,Work Hours: 08:00-18:00 (Mon-Fri) | Lunch Break: 12:00-14:00,28.5421745,77.1965918
STAFF-044,STAFF-044,gir,Work Hours: 08:00-18:00 (Mon-Fri) | Lunch Break: 12:00-14:00,28.5421046,77.1973344
STAFF-045,STAFF-045,math_dept,Work Hours: 08:00-18:00 (Mon-Fri) | Lunch Break: 12:00-14:00,28.5416713,77.1979731
STAFF-046,STAFF-046,library,Work Hours: 08:00-18:00 (Mon-Fri) | Lunch Break: 12:00-14:00,28.5418668,77.1973385
STAFF-047,STAFF-047,saha,Work Hours: 08:00-18:00 (Mon-Fri) | Lunch Break: 12:00-14:00,28.5422013,77.1964181
STAFF-048,STAFF-048,block1,Work Hours: 08:00-18:00 (Mon-Fri) | Lunch Break: 12:00-14:00,28.5418356,77.1975131
STAFF-049,STAFF-049,saha,Work Hours: 08:00-18:00 (Mon-Fri) | Lunch Break: 12:00-14:00,28.5416945,77.1977979
STAFF-050,STAFF-050,zans,Work Hours: 08:00-18:00 (Mon-Fri) | Lunch Break: 12:00-14:00,28.5420356,77.1968758
STAFF-051,STAFF-051,vind,Work Hours: 08:00-18:00 (Mon-Fri) | Lunch Break: 12:00-14:00,28.5422992,77.1966872
STAFF-052,STAFF-052,library,Work Hours: 08:00-18:00 (Mon-Fri) | Lunch Break: 12:00-14:00,28.5419617,77.1976186
STAFF-053,STAFF-053,bharti_school,Work Hours: 08:00-18:00 (Mon-Fri) | Lunch Break: 12:00-14:00,28.54141,77.1992178
STAFF-054,STAFF-054,library,Work Hours: 08:00-18:00 (Mon-Fri) | Lunch Break: 12:00-14:00,28.5413988,77.1974632
STAFF-055,STAFF-055,kum,Work Hours: 08:00-18:00 (Mon-Fri) | Lunch Break: 12:00-14:00,28.5401022,77.1988081
STAFF-056,STAFF-056,kum,Work Hours: 08:00-18:00 (Mon-Fri) | Lunch Break: 12:00-14:00,28.5403864,77.1988925
STAFF-057,STAFF-057,udai,Work Hours: 08:00-18:00 (Mon-Fri) | Lunch Break: 12:00-14:00,28.5421834,77.1995877
STAFF-058,STAFF-058,main_building,Work Hours: 08:00-18:00 (Mon-Fri) | Lunch Break: 12:00-14:00,28.539943,77.1983956
STAFF-059,STAFF-059,him,Work Hours: 08:00-18:00 (Mon-Fri) | Lunch Break: 12:00-14:00,28.543657,77.1961602
STAFF-060,STAFF-060,udai,Work Hours: 08:00-18:00 (Mon-Fri) | Lunch Break: 12:00-14:00,28.5430149,77.1961166
STAFF-061,STAFF-061,lhc,Work Hours: 08:00-18:00 (Mon-Fri) | Lunch Break: 12:00-14:00,28.5426778,77.1959698
STAFF-062,STAFF-062,kailash,Work Hours: 08:00-18:00 (Mon-Fri) | Lunch Break: 12:00-14:00,28.5414932,77.1972167
STAFF-063,STAFF-063,library,Work Hours: 08:00-18:00 (Mon-Fri) | Lunch Break: 12:00-14:00,28.5415486,77.1971315
STAFF-064,STAFF-064,main_building,Work Hours: 08:00-18:00 (Mon-Fri) | Lunch Break: 12:00-14:00,28.5411906,77.1984355
STAFF-065,STAFF-065,library,Work Hours: 08:00-18:00 (Mon-Fri) | Lunch Break: 12:00-14:00,28.5416896,77.1967777
STAFF-066,STAFF-066,shiv,Work Hours: 08:00-18:00 (Mon-Fri) | Lunch Break: 12:00-14:00,28.5413895,77.1967418
STAFF-067,STAFF-067,udai,Work Hours: 08:00-18:00 (Mon-Fri) | Lunch Break: 12:00-14:00,28.5412992,77.1970058
STAFF-068,STAFF-068,block6,Work Hours: 08:00-18:00 (Mon-Fri) | Lunch Break: 12:00-14:00,28.5409996,77.1969637
STAFF-069,STAFF-069,kum,Work Hours: 08:00-18:00 (Mon-Fri) | Lunch Break: 12:00-14:00,28.5411737,77.1965369
STAFF-070,STAFF-070,kailash,Work Hours: 08:00-18:00 (Mon-Fri) | Lunch Break: 12:00-14:00,28.5412507,77.1970838
STAFF-071,STAFF-071,main_building,Work Hours: 08:00-18:00 (Mon-Fri) | Lunch Break: 12:00-14:00,28.5410455,77.1968798
STAFF-072,STAFF-072,library,Work Hours: 08:00-18:00 (Mon-Fri) | Lunch Break: 12:00-14:00,28.5416419,77.1968684
STAFF-073,STAFF-073,main_building,Work Hours: 08:00-18:00 (Mon-Fri) | Lunch Break: 12:00-14:00,28.5414342,77.1966569
STAFF-074,STAFF-074,main_building,Work Hours: 08:00-18:00 (Mon-Fri) | Lunch Break: 12:00-14:00,28.5411292,77.1966243
STAFF-075,STAFF-075,gir,Work Hours: 08:00-18:00 (Mon-Fri) | Lunch Break: 12:00-14:00,28.5412436,77.1979566
STAFF-076,STAFF-076,lhc,Work Hours: 08:00-18:00 (Mon-Fri) | Lunch Break: 12:00-14:00,28.5418575,77.1962087
STAFF-077,STAFF-077,kara,Work Hours: 08:00-18:00 (Mon-Fri) | Lunch Break: 12:00-14:00,28.5426584,77.1955646
STAFF-078,STAFF-078,lhc,Work Hours: 08:00-18:00 (Mon-Fri) | Lunch Break: 12:00-14:00,28.542958,77.195701
STAFF-079,STAFF-079,block3,Work Hours: 08:00-18:00 (Mon-Fri) | Lunch Break: 12:00-14:00,28.5431317,77.1957359
STAFF-080,STAFF-080,main_building,Work Hours: 08:00-18:00 (Mon-Fri) | Lunch Break: 12:00-14:00,28.5425218,77.1954311
STAFF-081,STAFF-081,saha,Work Hours: 08:00-18:00 (Mon-Fri) | Lunch Break: 12:00-14:00,28.5414818,77.1940292
STAFF-082,STAFF-082,ws,Work Hours: 08:00-18:00 (Mon-Fri) | Lunch Break: 12:00-14:00,28.5416071,77.1943947
STAFF-083,STAFF-083,bharti_school,Work Hours: 08:00-18:00 (Mon-Fri) | Lunch Break: 12:00-14:00,28.5417298,77.1937626
STAFF-084,STAFF-084,zans,Work Hours: 08:00-18:00 (Mon-Fri) | Lunch Break: 12:00-14:00,28.5418191,77.1940108
STAFF-085,STAFF-085,gir,Work Hours: 08:00-18:00 (Mon-Fri) | Lunch Break: 12:00-14:00,28.5420211,77.1946017
STAFF-086,STAFF-086,gir,Work Hours: 08:00-18:00 (Mon-Fri) | Lunch Break: 12:00-14:00,28.5416089,77.1986232
STAFF-087,STAFF-087,library,Work Hours: 08:00-18:00 (Mon-Fri) | Lunch Break: 12:00-14:00,28.5436774,77.1957113
STAFF-088,STAFF-088,ara,Work Hours: 08:00-18:00 (Mon-Fri) | Lunch Break: 12:00-14:00,28.5436287,77.195818
STAFF-089,STAFF-089,lhc,Work Hours: 08:00-18:00 (Mon-Fri) | Lunch Break: 12:00-14:00,28.5429318,77.1964242
STAFF-090,STAFF-090,block3,Work Hours: 08:00-18:00 (Mon-Fri) | Lunch Break: 12:00-14:00,28.5425998,77.1962534
STAFF-091,STAFF-091,ara,Work Hours: 08:00-18:00 (Mon-Fri) | Lunch Break: 12:00-14:00,28.5415164,77.1965643
STAFF-092,STAFF-092,library,Work Hours: 08:00-18:00 (Mon-Fri) | Lunch Break: 12:00-14:00,28.541772,77.1966754
STAFF-093,STAFF-093,ara,Work Hours: 08:00-18:00 (Mon-Fri) | Lunch Break: 12:00-14:00,28.5400749,77.1980027
STAFF-094,STAFF-094,block5,Work Hours: 08:00-18:00 (Mon-Fri) | Lunch Break: 12:00-14:00,28.5397984,77.1987447
STAFF-095,STAFF-095,bharti_school,Work Hours: 08:00-18:00 (Mon-Fri) | Lunch Break: 12:00-14:00,28.5405748,77.1971985
STAFF-096,STAFF-096,jwala,Work Hours: 08:00-18:00 (Mon-Fri) | Lunch Break: 12:00-14:00,28.5405971,77.1965034
STAFF-097,STAFF-097,main_building,Work Hours: 08:00-18:00 (Mon-Fri) | Lunch Break: 12:00-14:00,28.5404166,77.1976374
STAFF-098,STAFF-098,shiv,Work Hours: 08:00-18:00 (Mon-Fri) | Lunch Break: 12:00-14:00,28.5404595,77.1968988
STAFF-099,STAFF-099,bharti_school,Work Hours: 08:00-18:00 (Mon-Fri) | Lunch Break: 12:00-14:00,28.5403154,77.1972854
STAFF-100,STAFF-100,block1,Work Hours: 08:00-18:00 (Mon-Fri) | Lunch Break: 12:00-14:00,28.5402583,77.1985064
STAFF-101,STAFF-101,block1,Work Hours: 08:00-18:00 (Mon-Fri) | Lunch Break: 12:00-14:00,28.541012,77.1990517
STAFF-102,STAFF-102,DMS,Work Hours: 08:00-18:00 (Mon-Fri) | Lunch Break: 12:00-14:00,28.5419195,77.194272
STAFF-103,STAFF-103,ara,Work Hours: 08:00-18:00 (Mon-Fri) | Lunch Break: 12:00-14:00,28.5413073,77.1945159
STAFF-104,STAFF-104,him,Work Hours: 08:00-18:00 (Mon-Fri) | Lunch Break: 12:00-14:00,28.5406689,77.1988643
STAFF-105,STAFF-105,ara,Work Hours: 08:00-18:00 (Mon-Fri) | Lunch Break: 12:00-14:00,28.5424448,77.1997137
STAFF-106,STAFF-106,ara,Work Hours: 08:00-18:00 (Mon-Fri) | Lunch Break: 12:00-14:00,28.5419326,77.1994723
STAFF-107,STAFF-107,math_dept,Work Hours: 08:00-18:00 (Mon-Fri) | Lunch Break: 12:00-14:00,28.5412736,77.1963086
STAFF-108,STAFF-108,ara,Work Hours: 08:00-18:00 (Mon-Fri) | Lunch Break: 12:00-14:00,28.5413576,77.1960593
STAFF-109,STAFF-109,bharti_school,Work Hours: 08:00-18:00 (Mon-Fri) | Lunch Break: 12:00-14:00,28.5427064,77.1998208
STAFF-110,STAFF-110,bharti_school,Work Hours: 08:00-18:00 (Mon-Fri) | Lunch Break: 12:00-14:00,28.5411551,77.1992087
STAFF-111,STAFF-111,udai,Work Hours: 08:00-18:00 (Mon-Fri) | Lunch Break: 12:00-14:00,28.5413063,77.1974971
STAFF-112,STAFF-112,lhc,Work Hours: 08:00-18:00 (Mon-Fri) | Lunch Break: 12:00-14:00,28.5417395,77.1947532
STAFF-113,STAFF-113,ws,Work Hours: 08:00-18:00 (Mon-Fri) | Lunch Break: 12:00-14:00,28.5411579,77.1956265
STAFF-114,STAFF-114,block6,Work Hours: 08:00-18:00 (Mon-Fri) | Lunch Break: 12:00-14:00,28.540861,77.1963973
STAFF-115,STAFF-115,library,Work Hours: 08:00-18:00 (Mon-Fri) | Lunch Break: 12:00-14:00,28.5407532,77.1961026
STAFF-116,STAFF-116,lhc,Work Hours: 08:00-18:00 (Mon-Fri) | Lunch Break: 12:00-14:00,28.5410115,77.1960104
STAFF-117,STAFF-117,lhc,Work Hours: 08:00-18:00 (Mon-Fri) | Lunch Break: 12:00-14:00,28.5413012,77.1952285
STAFF-118,STAFF-118,sat,Work Hours: 08:00-18:00 (Mon-Fri) | Lunch Break: 12:00-14:00,28.5407222,77.1967979
STAFF-119,STAFF-119,lhc,Work Hours: 08:00-18:00 (Mon-Fri) | Lunch Break: 12:00-14:00,28.5408968,77.1956918
STAFF-120,STAFF-120,math_dept,Work Hours: 08:00-18:00 (Mon-Fri) | Lunch Break: 12:00-14:00,28.5414535,77.1957924
STAFF-121,STAFF-121,bharti_school,Work Hours: 08:00-18:00 (Mon-Fri) | Lunch Break: 12:00-14:00,28.5416714,77.1993411
STAFF-122,STAFF-122,main_building,Work Hours: 08:00-18:00 (Mon-Fri) | Lunch Break: 12:00-14:00,28.5408054,77.1986909
STAFF-123,STAFF-123,bharti_school,Work Hours: 08:00-18:00 (Mon-Fri) | Lunch Break: 12:00-14:00,28.540903,77.1972803
STAFF-124,STAFF-124,kum,Work Hours: 08:00-18:00 (Mon-Fri) | Lunch Break: 12:00-14:00,28.5409938,77.197243
STAFF-125,STAFF-125,main_building,Work Hours: 08:00-18:00 (Mon-Fri) | Lunch Break: 12:00-14:00,28.541039,77.1953149
STAFF-126,STAFF-126,block5,Work Hours: 08:00-18:00 (Mon-Fri) | Lunch Break: 12:00-14:00,28.5420092,77.1970516
STAFF-127,STAFF-127,block4,Work Hours: 08:00-18:00 (Mon-Fri) | Lunch Break: 12:00-14:00,28.5417965,77.1980773
STAFF-128,STAFF-128,main_building,Work Hours: 08:00-18:00 (Mon-Fri) | Lunch Break: 12:00-14:00,28.5408226,77.1977043
STAFF-129,STAFF-129,udai,Work Hours: 08:00-18:00 (Mon-Fri) | Lunch Break: 12:00-14:00,28.542273,77.1968686
STAFF-130,STAFF-130,him,Work Hours: 08:00-18:00 (Mon-Fri) | Lunch Break: 12:00-14:00,28.5421296,77.1971588
STAFF-131,STAFF-131,library,Work Hours: 08:00-18:00 (Mon-Fri) | Lunch Break: 12:00-14:00,28.5419364,77.1978049
STAFF-132,STAFF-132,lhc,Work Hours: 08:00-18:00 (Mon-Fri) | Lunch Break: 12:00-14:00,28.5423428,77.1957815
STAFF-133,STAFF-133,kum,Work Hours: 08:00-18:00 (Mon-Fri) | Lunch Break: 12:00-14:00,28.5417726,77.1982498
STAFF-134,STAFF-134,jwala,Work Hours: 08:00-18:00 (Mon-Fri) | Lunch Break: 12:00-14:00,28.5407254,77.1977394
STAFF-135,STAFF-135,lhc,Work Hours: 08:00-18:00 (Mon-Fri) | Lunch Break: 12:00-14:00,28.5421745,77.1965918
STAFF-136,STAFF-136,main_building,Work Hours: 08:00-18:00 (Mon-Fri) | Lunch Break: 12:00-14:00,28.5421046,77.1973344
STAFF-137,STAFF-137,main_building,Work Hours: 08:00-18:00 (Mon-Fri) | Lunch Break: 12:00-14:00,28.5416713,77.1979731
STAFF-138,STAFF-138,him,Work Hours: 08:00-18:00 (Mon-Fri) | Lunch Break: 12:00-14:00,28.5418668,77.1973385
STAFF-139,STAFF-139,block6,Work Hours: 08:00-18:00 (Mon-Fri) | Lunch Break: 12:00-14:00,28.5422013,77.1964181
STAFF-140,STAFF-140,ara,Work Hours: 08:00-18:00 (Mon-Fri) | Lunch Break: 12:00-14:00,28.5418356,77.1975131
STAFF-141,STAFF-141,kum,Work Hours: 08:00-18:00 (Mon-Fri) | Lunch Break: 12:00-14:00,28.5416945,77.1977979
STAFF-142,STAFF-142,bharti_school,Work Hours: 08:00-18:00 (Mon-Fri) | Lunch Break: 12:00-14:00,28.5420356,77.1968758
STAFF-143,STAFF-143,main_building,Work Hours: 08:00-18:00 (Mon-Fri) | Lunch Break: 12:00-14:00,28.5422992,77.1966872
STAFF-144,STAFF-144,library,Work Hours: 08:00-18:00 (Mon-Fri) | Lunch Break: 12:00-14:00,28.5419617,77.1976186
STAFF-145,STAFF-145,main_building,Work Hours: 08:00-18:00 (Mon-Fri) | Lunch Break: 12:00-14:00,28.54141,77.1992178
STAFF-146,STAFF-146,dogra,Work Hours: 08:00-18:00 (Mon-Fri) | Lunch Break: 12:00-14:00,28.5413988,77.1974632
STAFF-147,STAFF-147,bharti_school,Work Hours: 08:00-18:00 (Mon-Fri) | Lunch Break: 12:00-14:00,28.5401022,77.1988081
STAFF-148,STAFF-148,lhc,Work Hours: 08:00-18:00 (Mon-Fri) | Lunch Break: 12:00-14:00,28.5403864,77.1988925
STAFF-149,STAFF-149,nil,Work Hours: 08:00-18:00 (Mon-Fri) | Lunch Break: 12:00-14:00,28.5421834,77.1995877
STAFF-150,STAFF-150,lhc,Work Hours: 08:00-18:00 (Mon-Fri) | Lunch Break: 12:00-14:00,28.539943,77.1983956
STAFF-151,STAFF-151,main_building,Work Hours: 08:00-18:00 (Mon-Fri) | Lunch Break: 12:00-14:00,28.543657,77.1961602
STAFF-152,STAFF-152,main_building,Work Hours: 08:00-18:00 (Mon-Fri) | Lunch Break: 12:00-14:00,28.5430149,77.1961166
STAFF-153,STAFF-153,main_building,Work Hours: 08:00-18:00 (Mon-Fri) | Lunch Break: 12:00-14:00,28.5426778,77.1959698
STAFF-154,STAFF-154,dogra,Work Hours: 08:00-18:00 (Mon-Fri) | Lunch Break: 12:00-14:00,28.5414932,77.1972167
STAFF-155,STAFF-155,block5,Work Hours: 08:00-18:00 (Mon-Fri) | Lunch Break: 12:00-14:00,28.5415486,77.1971315
STAFF-156,STAFF-156,main_building,Work Hours: 08:00-18:00 (Mon-Fri) | Lunch Break: 12:00-14:00,28.5411906,77.1984355
STAFF-157,STAFF-157,zans,Work Hours: 08:00-18:00 (Mon-Fri) | Lunch Break: 12:00-14:00,28.5416896,77.1967777
STAFF-158,STAFF-158,bharti_school,Work Hours: 08:00-18:00 (Mon-Fri) | Lunch Break: 12:00-14:00,28.5413895,77.1967418
STAFF-159,STAFF-159,block3,Work Hours: 08:00-18:00 (Mon-Fri) | Lunch Break: 12:00-14:00,28.5412992,77.1970058
STAFF-160,STAFF-160,shiv,Work Hours: 08:00-18:00 (Mon-Fri) | Lunch Break: 12:00-14:00,28.5409996,77.1969637
STAFF-161,STAFF-161,lhc,Work Hours: 08:00-18:00 (Mon-Fri) | Lunch Break: 12:00-14:00,28.5411737,77.1965369
STAFF-162,STAFF-162,main_building,Work Hours: 08:00-18:00 (Mon-Fri) | Lunch Break: 12:00-14:00,28.5412507,77.1970838
STAFF-163,STAFF-163,shiv,Work Hours: 08:00-18:00 (Mon-Fri) | Lunch Break: 12:00-14:00,28.5410455,77.1968798
STAFF-164,STAFF-164,main_building,Work Hours: 08:00-18:00 (Mon-Fri) | Lunch Break: 12:00-14:00,28.5416419,77.1968684
STAFF-165,STAFF-165,jwala,Work Hours: 08:00-18:00 (Mon-Fri) | Lunch Break: 12:00-14:00,28.5414342,77.1966569
STAFF-166,STAFF-166,block6,Work Hours: 08:00-18:00 (Mon-Fri) | Lunch Break: 12:00-14:00,28.5411292,77.1966243
STAFF-167,STAFF-167,him,Work Hours: 08:00-18:00 (Mon-Fri) | Lunch Break: 12:00-14:00,28.5412436,77.1979566
STAFF-168,STAFF-168,gir,Work Hours: 08:00-18:00 (Mon-Fri) | Lunch Break: 12:00-14:00,28.5418575,77.1962087
STAFF-169,STAFF-169,lhc,Work Hours: 08:00-18:00 (Mon-Fri) | Lunch Break: 12:00-14:00,28.5426584,77.1955646
STAFF-170,STAFF-170,nil,Work Hours: 08:00-18:00 (Mon-Fri) | Lunch Break: 12:00-14:00,28.542958,77.195701
STAFF-171,STAFF-171,main_building,Work Hours: 08:00-18:00 (Mon-Fri) | Lunch Break: 12:00-14:00,28.5431317,77.1957359
STAFF-172,STAFF-172,sat,Work Hours: 08:00-18:00 (Mon-Fri) | Lunch Break: 12:00-14:00,28.5425218,77.1954311
STAFF-173,STAFF-173,him,Work Hours: 08:00-18:00 (Mon-Fri) | Lunch Break: 12:00-14:00,28.5414818,77.1940292
STAFF-174,STAFF-174,lhc,Work Hours: 08:00-18:00 (Mon-Fri) | Lunch Break: 12:00-14:00,28.5416071,77.1943947
STAFF-175,STAFF-175,main_building,Work Hours: 08:00-18:00 (Mon-Fri) | Lunch Break: 12:00-14:00,28.5417298,77.1937626
STAFF-176,STAFF-176,dogra,Work Hours: 08:00-18:00 (Mon-Fri) | Lunch Break: 12:00-14:00,28.5418191,77.1940108
STAFF-177,STAFF-177,zans,Work Hours: 08:00-18:00 (Mon-Fri) | Lunch Break: 12:00-14:00,28.5420211,77.1946017
STAFF-178,STAFF-178,shiv,Work Hours: 08:00-18:00 (Mon-Fri) | Lunch Break: 12:00-14:00,28.5416089,77.1986232
STAFF-179,STAFF-179,ws,Work Hours: 08:00-18:00 (Mon-Fri) | Lunch Break: 12:00-14:00,28.5436774,77.1957113
STAFF-180,STAFF-180,DMS,Work Hours: 08:00-18:00 (Mon-Fri) | Lunch Break: 12:00-14:00,28.5436287,77.195818
STAFF-181,STAFF-181,ara,Work Hours: 08:00-18:00 (Mon-Fri) | Lunch Break: 12:00-14:00,28.5429318,77.1964242
STAFF-182,STAFF-182,ws,Work Hours: 08:00-18:00 (Mon-Fri) | Lunch Break: 12:00-14:00,28.5425998,77.1962534
STAFF-183,STAFF-183,main_building,Work Hours: 08:00-18:00 (Mon-Fri) | Lunch Break: 12:00-14:00,28.5415164,77.1965643
STAFF-184,STAFF-184,him,Work Hours: 08:00-18:00 (Mon-Fri) | Lunch Break: 12:00-14:00,28.541772,77.1966754
STAFF-185,STAFF-185,lhc,Work Hours: 08:00-18:00 (Mon-Fri) | Lunch Break: 12:00-14:00,28.5400749,77.1980027
STAFF-186,STAFF-186,lhc,Work Hours: 08:00-18:00 (Mon-Fri) | Lunch Break: 12:00-14:00,28.5397984,77.1987447
STAFF-187,STAFF-187,library,Work Hours: 08:00-18:00 (Mon-Fri) | Lunch Break: 12:00-14:00,28.5405748,77.1971985
STAFF-188,STAFF-188,zans,Work Hours: 08:00-18:00 (Mon-Fri) | Lunch Break: 12:00-14:00,28.5405971,77.1965034
STAFF-189,STAFF-189,block5,Work Hours: 08:00-18:00 (Mon-Fri) | Lunch Break: 12:00-14:00,28.5404166,77.1976374
STAFF-190,STAFF-190,ara,Work Hours: 08:00-18:00 (Mon-Fri) | Lunch Break: 12:00-14:00,28.5404595,77.1968988
STAFF-191,STAFF-191,main_building,Work Hours: 08:00-18:00 (Mon-Fri) | Lunch Break: 12:00-14:00,28.5403154,77.1972854
STAFF-192,STAFF-192,main_building,Work Hours: 08:00-18:00 (Mon-Fri) | Lunch Break: 12:00-14:00,28.5402583,77.1985064
STAFF-193,STAFF-193,block3,Work Hours: 08:00-18:00 (Mon-Fri) | Lunch Break: 12:00-14:00,28.541012,77.1990517
STAFF-194,STAFF-194,block5,Work Hours: 08:00-18:00 (Mon-Fri) | Lunch Break: 12:00-14:00,28.5419195,77.194272
STAFF-195,STAFF-195,kailash,Work Hours: 08:00-18:00 (Mon-Fri) | Lunch Break: 12:00-14:00,28.5413073,77.1945159
STAFF-196,STAFF-196,shiv,Work Hours: 08:00-18:00 (Mon-Fri) | Lunch Break: 12:00-14:00,28.5406689,77.1988643
STAFF-197,STAFF-197,bharti_school,Work Hours: 08:00-18:00 (Mon-Fri) | Lunch Break: 12:00-14:00,28.5424448,77.1997137
STAFF-198,STAFF-198,kum,Work Hours: 08:00-18:00 (Mon-Fri) | Lunch Break: 12:00-14:00,28.5419326,77.1994723
STAFF-199,STAFF-199,lhc,Work Hours: 08:00-18:00 (Mon-Fri) | Lunch Break: 12:00-14:00,28.5412736,77.1963086
STAFF-200,STAFF-200,library,Work Hours: 08:00-18:00 (Mon-Fri) | Lunch Break: 12:00-14:00,28.5413576,77.1960593
STAFF-201,STAFF-201,block5,Work Hours: 08:00-18:00 (Mon-Fri) | Lunch Break: 12:00-14:00,28.5427064,77.1998208
STAFF-202,STAFF-202,block3,Work Hours: 08:00-18:00 (Mon-Fri) | Lunch Break: 12:00-14:00,28.5411551,77.1992087
STAFF-203,STAFF-203,block2,Work Hours: 08:00-18:00 (Mon-Fri) | Lunch Break: 12:00-14:00,28.5413063,77.1974971
STAFF-204,STAFF-204,lhc,Work Hours: 08:00-18:00 (Mon-Fri) | Lunch Break: 12:00-14:00,28.5417395,77.1947532
STAFF-205,STAFF-205,lhc,Work Hours: 08:00-18:00 (Mon-Fri) | Lunch Break: 12:00-14:00,28.5411579,77.1956265
STAFF-206,STAFF-206,shiv,Work Hours: 08:00-18:00 (Mon-Fri) | Lunch Break: 12:00-14:00,28.540861,77.1963973
STAFF-207,STAFF-207,jwala,Work Hours: 08:00-18:00 (Mon-Fri) | Lunch Break: 12:00-14:00,28.5407532,77.1961026
STAFF-208,STAFF-208,ara,Work Hours: 08:00-18:00 (Mon-Fri) | Lunch Break: 12:00-14:00,28.5410115,77.1960104
STAFF-209,STAFF-209,kailash,Work Hours: 08:00-18:00 (Mon-Fri) | Lunch Break: 12:00-14:00,28.5413012,77.1952285
STAFF-210,STAFF-210,jwala,Work Hours: 08:00-18:00 (Mon-Fri) | Lunch Break: 12:00-14:00,28.5407222,77.1967979
STAFF-211,STAFF-211,jwala,Work Hours: 08:00-18:00 (Mon-Fri) | Lunch Break: 12:00-14:00,28.5408968,77.1956918
STAFF-212,STAFF-212,main_building,Work Hours: 08:00-18:00 (Mon-Fri) | Lunch Break: 12:00-14:00,28.5414535,77.1957924
STAFF-213,STAFF-213,kailash,Work Hours: 08:00-18:00 (Mon-Fri) | Lunch Break: 12:00-14:00,28.5416714,77.1993411
STAFF-214,STAFF-214,dogra,Work Hours: 08:00-18:00 (Mon-Fri) | Lunch Break: 12:00-14:00,28.5408054,77.1986909
STAFF-215,STAFF-215,kum,Work Hours: 08:00-18:00 (Mon-Fri) | Lunch Break: 12:00-14:00,28.540903,77.1972803
STAFF-216,STAFF-216,main_building,Work Hours: 08:00-18:00 (Mon-Fri) | Lunch Break: 12:00-14:00,28.5409938,77.197243
STAFF-217,STAFF-217,main_building,Work Hours: 08:00-18:00 (Mon-Fri) | Lunch Break: 12:00-14:00,28.541039,77.1953149
STAFF-218,STAFF-218,bharti_school,Work Hours: 08:00-18:00 (Mon-Fri) | Lunch Break: 12:00-14:00,28.5420092,77.1970516
STAFF-219,STAFF-219,ara,Work Hours: 08:00-18:00 (Mon-Fri) | Lunch Break: 12:00-14:00,28.5417965,77.1980773
STAFF-220,STAFF-220,bharti_school,Work Hours: 08:00-18:00 (Mon-Fri) | Lunch Break: 12:00-14:00,28.5408226,77.1977043
STAFF-221,STAFF-221,shiv,Work Hours: 08:00-18:00 (Mon-Fri) | Lunch Break: 12:00-14:00,28.542273,77.1968686
STAFF-222,STAFF-222,nil,Work Hours: 08:00-18:00 (Mon-Fri) | Lunch Break: 12:00-14:00,28.5421296,77.1971588
STAFF-223,STAFF-223,jwala,Work Hours: 08:00-18:00 (Mon-Fri) | Lunch Break: 12:00-14:00,28.5419364,77.1978049
STAFF-224,STAFF-224,udai,Work Hours: 08:00-18:00 (Mon-Fri) | Lunch Break: 12:00-14:00,28.5423428,77.1957815
STAFF-225,STAFF-225,kailash,Work Hours: 08:00-18:00 (Mon-Fri) | Lunch Break: 12:00-14:00,28.5417726,77.1982498
STAFF-226,STAFF-226,kum,Work Hours: 08:00-18:00 (Mon-Fri) | Lunch Break: 12:00-14:00,28.5407254,77.1977394
STAFF-227,STAFF-227,library,Work Hours: 08:00-18:00 (Mon-Fri) | Lunch Break: 12:00-14:00,28.5421745,77.1965918
STAFF-228,STAFF-228,him,Work Hours: 08:00-18:00 (Mon-Fri) | Lunch Break: 12:00-14:00,28.5421046,77.1973344
STAFF-229,STAFF-229,block6,Work Hours: 08:00-18:00 (Mon-Fri) | Lunch Break: 12:00-14:00,28.5416713,77.1979731
STAFF-230,STAFF-230,him,Work Hours: 08:00-18:00 (Mon-Fri) | Lunch Break: 12:00-14:00,28.5418668,77.1973385
STAFF-231,STAFF-231,main_building,Work Hours: 08:00-18:00 (Mon-Fri) | Lunch Break: 12:00-14:00,28.5422013,77.1964181
STAFF-232,STAFF-232,dogra,Work Hours: 08:00-18:00 (Mon-Fri) | Lunch Break: 12:00-14:00,28.5418356,77.1975131
STAFF-233,STAFF-233,zans,Work Hours: 08:00-18:00 (Mon-Fri) | Lunch Break: 12:00-14:00,28.5416945,77.1977979
STAFF-234,STAFF-234,nil,Work Hours: 08:00-18:00 (Mon-Fri) | Lunch Break: 12:00-14:00,28.5420356,77.1968758
STAFF-235,STAFF-235,lhc,Work Hours: 08:00-18:00 (Mon-Fri) | Lunch Break: 12:00-14:00,28.5422992,77.1966872
STAFF-236,STAFF-236,block6,Work Hours: 08:00-18:00 (Mon-Fri) | Lunch Break: 12:00-14:00,28.5419617,77.1976186
STAFF-237,STAFF-237,sat,Work Hours: 08:00-18:00 (Mon-Fri) | Lunch Break: 12:00-14:00,28.54141,77.1992178
STAFF-238,STAFF-238,vind,Work Hours: 08:00-18:00 (Mon-Fri) | Lunch Break: 12:00-14:00,28.5413988,77.1974632
STAFF-239,STAFF-239,udai,Work Hours: 08:00-18:00 (Mon-Fri) | Lunch Break: 12:00-14:00,28.5401022,77.1988081
STAFF-240,STAFF-240,ws,Work Hours: 08:00-18:00 (Mon-Fri) | Lunch Break: 12:00-14:00,28.5403864,77.1988925
STAFF-241,STAFF-241,block1,Work Hours: 08:00-18:00 (Mon-Fri) | Lunch Break: 12:00-14:00,28.5421834,77.1995877
STAFF-242,STAFF-242,udai,Work Hours: 08:00-18:00 (Mon-Fri) | Lunch Break: 12:00-14:00,28.539943,77.1983956
STAFF-243,STAFF-243,main_building,Work Hours: 08:00-18:00 (Mon-Fri) | Lunch Break: 12:00-14:00,28.543657,77.1961602
STAFF-244,STAFF-244,kara,Work Hours: 08:00-18:00 (Mon-Fri) | Lunch Break: 12:00-14:00,28.5430149,77.1961166
STAFF-245,STAFF-245,library,Work Hours: 08:00-18:00 (Mon-Fri) | Lunch Break: 12:00-14:00,28.5426778,77.1959698
STAFF-246,STAFF-246,him,Work Hours: 08:00-18:00 (Mon-Fri) | Lunch Break: 12:00-14:00,28.5414932,77.1972167
STAFF-247,STAFF-247,vind,Work Hours: 08:00-18:00 (Mon-Fri) | Lunch Break: 12:00-14:00,28.5415486,77.1971315
STAFF-248,STAFF-248,library,Work Hours: 08:00-18:00 (Mon-Fri) | Lunch Break: 12:00-14:00,28.5411906,77.1984355
STAFF-249,STAFF-249,gir,Work Hours: 08:00-18:00 (Mon-Fri) | Lunch Break: 12:00-14:00,28.5416896,77.1967777
STAFF-250,STAFF-250,lhc,Work Hours: 08:00-18:00 (Mon-Fri) | Lunch Break: 12:00-14:00,28.5413895,77.1967418
STAFF-251,STAFF-251,main_building,Work Hours: 08:00-18:00 (Mon-Fri) | Lunch Break: 12:00-14:00,28.5412992,77.1970058
STAFF-252,STAFF-252,DMS,Work Hours: 08:00-18:00 (Mon-Fri) | Lunch Break: 12:00-14:00,28.5409996,77.1969637
STAFF-253,STAFF-253,kum,Work Hours: 08:00-18:00 (Mon-Fri) | Lunch Break: 12:00-14:00,28.5411737,77.1965369
STAFF-254,STAFF-254,block3,Work Hours: 08:00-18:00 (Mon-Fri) | Lunch Break: 12:00-14:00,28.5412507,77.1970838
STAFF-255,STAFF-255,main_building,Work Hours: 08:00-18:00 (Mon-Fri) | Lunch Break: 12:00-14:00,28.5410455,77.1968798
STAFF-256,STAFF-256,zans,Work Hours: 08:00-18:00 (Mon-Fri) | Lunch Break: 12:00-14:00,28.5416419,77.1968684
STAFF-257,STAFF-257,block5,Work Hours: 08:00-18:00 (Mon-Fri) | Lunch Break: 12:00-14:00,28.5414342,77.1966569
STAFF-258,STAFF-258,lhc,Work Hours: 08:00-18:00 (Mon-Fri) | Lunch Break: 12:00-14:00,28.5411292,77.1966243
STAFF-259,STAFF-259,main_building,Work Hours: 08:00-18:00 (Mon-Fri) | Lunch Break: 12:00-14:00,28.5412436,77.1979566
STAFF-260,STAFF-260,lhc,Work Hours: 08:00-18:00 (Mon-Fri) | Lunch Break: 12:00-14:00,28.5418575,77.1962087
STAFF-261,STAFF-261,gir,Work Hours: 08:00-18:00 (Mon-Fri) | Lunch Break: 12:00-14:00,28.5426584,77.1955646
STAFF-262,STAFF-262,dogra,Work Hours: 08:00-18:00 (Mon-Fri) | Lunch Break: 12:00-14:00,28.542958,77.195701
STAFF-263,STAFF-263,ara,Work Hours: 08:00-18:00 (Mon-Fri) | Lunch Break: 12:00-14:00,28.5431317,77.1957359
STAFF-264,STAFF-264,zans,Work Hours: 08:00-18:00 (Mon-Fri) | Lunch Break: 12:00-14:00,28.5425218,77.1954311
STAFF-265,STAFF-265,udai,Work Hours: 08:00-18:00 (Mon-Fri) | Lunch Break: 12:00-14:00,28.5414818,77.1940292
STAFF-266,STAFF-266,shiv,Work Hours: 08:00-18:00 (Mon-Fri) | Lunch Break: 12:00-14:00,28.5416071,77.1943947
STAFF-267,STAFF-267,DMS,Work Hours: 08:00-18:00 (Mon-Fri) | Lunch Break: 12:00-14:00,28.5417298,77.1937626
STAFF-268,STAFF-268,main_building,Work Hours: 08:00-18:00 (Mon-Fri) | Lunch Break: 12:00-14:00,28.5418191,77.1940108
STAFF-269,STAFF-269,vind,Work Hours: 08:00-18:00 (Mon-Fri) | Lunch Break: 12:00-14:00,28.5420211,77.1946017
STAFF-270,STAFF-270,main_building,Work Hours: 08:00-18:00 (Mon-Fri) | Lunch Break: 12:00-14:00,28.5416089,77.1986232
STAFF-271,STAFF-271,block3,Work Hours: 08:00-18:00 (Mon-Fri) | Lunch Break: 12:00-14:00,28.5436774,77.1957113
STAFF-272,STAFF-272,main_building,Work Hours: 08:00-18:00 (Mon-Fri) | Lunch Break: 12:00-14:00,28.5436287,77.195818
STAFF-273,STAFF-273,block6,Work Hours: 08:00-18:00 (Mon-Fri) | Lunch Break: 12:00-14:00,28.5429318,77.1964242
STAFF-274,STAFF-274,lhc,Work Hours: 08:00-18:00 (Mon-Fri) | Lunch Break: 12:00-14:00,28.5425998,77.1962534
STAFF-275,STAFF-275,main_building,Work Hours: 08:00-18:00 (Mon-Fri) | Lunch Break: 12:00-14:00,28.5415164,77.1965643
STAFF-276,STAFF-276,zans,Work Hours: 08:00-18:00 (Mon-Fri) | Lunch Break: 12:00-14:00,28.541772,77.1966754
STAFF-277,STAFF-277,block2,Work Hours: 08:00-18:00 (Mon-Fri) | Lunch Break: 12:00-14:00,28.5400749,77.1980027
STAFF-278,STAFF-278,sat,Work Hours: 08:00-18:00 (Mon-Fri) | Lunch Break: 12:00-14:00,28.5397984,77.1987447
STAFF-279,STAFF-279,DMS,Work Hours: 08:00-18:00 (Mon-Fri) | Lunch Break: 12:00-14:00,28.5405748,77.1971985
STAFF-280,STAFF-280,him,Work Hours: 08:00-18:00 (Mon-Fri) | Lunch Break: 12:00-14:00,28.5405971,77.1965034
STAFF-281,STAFF-281,bharti_school,Work Hours: 08:00-18:00 (Mon-Fri) | Lunch Break: 12:00-14:00,28.5404166,77.1976374
STAFF-282,STAFF-282,ws,Work Hours: 08:00-18:00 (Mon-Fri) | Lunch Break: 12:00-14:00,28.5404595,77.1968988
STAFF-283,STAFF-283,zans,Work Hours: 08:00-18:00 (Mon-Fri) | Lunch Break: 12:00-14:00,28.5403154,77.1972854
STAFF-284,STAFF-284,kara,Work Hours: 08:00-18:00 (Mon-Fri) | Lunch Break: 12:00-14:00,28.5402583,77.1985064
STAFF-285,STAFF-285,kailash,Work Hours: 08:00-18:00 (Mon-Fri) | Lunch Break: 12:00-14:00,28.541012,77.1990517
STAFF-286,STAFF-286,bharti_school,Work Hours: 08:00-18:00 (Mon-Fri) | Lunch Break: 12:00-14:00,28.5419195,77.194272
STAFF-287,STAFF-287,dogra,Work Hours: 08:00-18:00 (Mon-Fri) | Lunch Break: 12:00-14:00,28.5413073,77.1945159
STAFF-288,STAFF-288,main_building,Work Hours: 08:00-18:00 (Mon-Fri) | Lunch Break: 12:00-14:00,28.5406689,77.1988643
STAFF-289,STAFF-289,main_building,Work Hours: 08:00-18:00 (Mon-Fri) | Lunch Break: 12:00-14:00,28.5424448,77.1997137
STAFF-290,STAFF-290,sat,Work Hours: 08:00-18:00 (Mon-Fri) | Lunch Break: 12:00-14:00,28.5419326,77.1994723
STAFF-291,STAFF-291,main_building,Work Hours: 08:00-18:00 (Mon-Fri) | Lunch Break: 12:00-14:00,28.5412736,77.1963086
STAFF-292,STAFF-292,kailash,Work Hours: 08:00-18:00 (Mon-Fri) | Lunch Break: 12:00-14:00,28.5413576,77.1960593
STAFF-293,STAFF-293,lhc,Work Hours: 08:00-18:00 (Mon-Fri) | Lunch Break: 12:00-14:00,28.5427064,77.1998208
STAFF-294,STAFF-294,jwala,Work Hours: 08:00-18:00 (Mon-Fri) | Lunch Break: 12:00-14:00,28.5411551,77.1992087
STAFF-295,STAFF-295,main_building,Work Hours: 08:00-18:00 (Mon-Fri) | Lunch Break: 12:00-14:00,28.5413063,77.1974971
STAFF-296,STAFF-296,block1,Work Hours: 08:00-18:00 (Mon-Fri) | Lunch Break: 12:00-14:00,28.5417395,77.1947532
STAFF-297,STAFF-297,block6,Work Hours: 08:00-18:00 (Mon-Fri) | Lunch Break: 12:00-14:00,28.5411579,77.1956265
STAFF-298,STAFF-298,main_building,Work Hours: 08:00-18:00 (Mon-Fri) | Lunch Break: 12:00-14:00,28.540861,77.1963973
STAFF-299,STAFF-299,block5,Work Hours: 08:00-18:00 (Mon-Fri) | Lunch Break: 12:00-14:00,28.5407532,77.1961026
STAFF-300,STAFF-300,math_dept,Work Hours: 08:00-18:00 (Mon-Fri) | Lunch Break: 12:00-14:00,28.5410115,77.1960104
STAFF-301,STAFF-301,bharti_school,Work Hours: 08:00-18:00 (Mon-Fri) | Lunch Break: 12:00-14:00,28.5413012,77.1952285
STAFF-302,STAFF-302,ara,Work Hours: 08:00-18:00 (Mon-Fri) | Lunch Break: 12:00-14:00,28.5407222,77.1967979
STAFF-303,STAFF-303,main_building,Work Hours: 08:00-18:00 (Mon-Fri) | Lunch Break: 12:00-14:00,28.5408968,77.1956918
STAFF-304,STAFF-304,him,Work Hours: 08:00-18:00 (Mon-Fri) | Lunch Break: 12:00-14:00,28.5414535,77.1957924
STAFF-305,STAFF-305,bharti_school,Work Hours: 08:00-18:00 (Mon-Fri) | Lunch Break: 12:00-14:00,28.5416714,77.1993411
STAFF-306,STAFF-306,main_building,Work Hours: 08:00-18:00 (Mon-Fri) | Lunch Break: 12:00-14:00,28.5408054,77.1986909
STAFF-307,STAFF-307,nil,Work Hours: 08:00-18:00 (Mon-Fri) | Lunch Break: 12:00-14:00,28.540903,77.1972803
STAFF-308,STAFF-308,block1,Work Hours: 08:00-18:00 (Mon-Fri) | Lunch Break: 12:00-14:00,28.5409938,77.197243
STAFF-309,STAFF-309,main_building,Work Hours: 08:00-18:00 (Mon-Fri) | Lunch Break: 12:00-14:00,28.541039,77.1953149
STAFF-310,STAFF-310,zans,Work Hours: 08:00-18:00 (Mon-Fri) | Lunch Break: 12:00-14:00,28.5420092,77.1970516
STAFF-311,STAFF-311,nil,Work Hours: 08:00-18:00 (Mon-Fri) | Lunch Break: 12:00-14:00,28.5417965,77.1980773
STAFF-312,STAFF-312,dogra,Work Hours: 08:00-18:00 (Mon-Fri) | Lunch Break: 12:00-14:00,28.5408226,77.1977043
STAFF-313,STAFF-313,math_dept,Work Hours: 08:00-18:00 (Mon-Fri) | Lunch Break: 12:00-14:00,28.542273,77.1968686
STAFF-314,STAFF-314,jwala,Work Hours: 08:00-18:00 (Mon-Fri) | Lunch Break: 12:00-14:00,28.5421296,77.1971588
STAFF-315,STAFF-315,main_building,Work Hours: 08:00-18:00 (Mon-Fri) | Lunch Break: 12:00-14:00,28.5419364,77.1978049
STAFF-316,STAFF-316,lhc,Work Hours: 08:00-18:00 (Mon-Fri) | Lunch Break: 12:00-14:00,28.5423428,77.1957815
STAFF-317,STAFF-317,main_building,Work Hours: 08:00-18:00 (Mon-Fri) | Lunch Break: 12:00-14:00,28.5417726,77.1982498
STAFF-318,STAFF-318,block4,Work Hours: 08:00-18:00 (Mon-Fri) | Lunch Break: 12:00-14:00,28.5407254,77.1977394
STAFF-319,STAFF-319,lhc,Work Hours: 08:00-18:00 (Mon-Fri) | Lunch Break: 12:00-14:00,28.5421745,77.1965918
STAFF-320,STAFF-320,sat,Work Hours: 08:00-18:00 (Mon-Fri) | Lunch Break: 12:00-14:00,28.5421046,77.1973344
STAFF-321,STAFF-321,main_building,Work Hours: 08:00-18:00 (Mon-Fri) | Lunch Break: 12:00-14:00,28.5416713,77.1979731
STAFF-322,STAFF-322,main_building,Work Hours: 08:00-18:00 (Mon-Fri) | Lunch Break: 12:00-14:00,28.5418668,77.1973385
STAFF-323,STAFF-323,main_building,Work Hours: 08:00-18:00 (Mon-Fri) | Lunch Break: 12:00-14:00,28.5422013,77.1964181
STAFF-324,STAFF-324,ara,Work Hours: 08:00-18:00 (Mon-Fri) | Lunch Break: 12:00-14:00,28.5418356,77.1975131
STAFF-325,STAFF-325,DMS,Work Hours: 08:00-18:00 (Mon-Fri) | Lunch Break: 12:00-14:00,28.5416945,77.1977979
STAFF-326,STAFF-326,main_building,Work Hours: 08:00-18:00 (Mon-Fri) | Lunch Break: 12:00-14:00,28.5420356,77.1968758
STAFF-327,STAFF-327,gir,Work Hours: 08:00-18:00 (Mon-Fri) | Lunch Break: 12:00-14:00,28.5422992,77.1966872
STAFF-328,STAFF-328,jwala,Work Hours: 08:00-18:00 (Mon-Fri) | Lunch Break: 12:00-14:00,28.5419617,77.1976186
STAFF-329,STAFF-329,lhc,Work Hours: 08:00-18:00 (Mon-Fri) | Lunch Break: 12:00-14:00,28.54141,77.1992178
STAFF-330,STAFF-330,sat,Work Hours: 08:00-18:00 (Mon-Fri) | Lunch Break: 12:00-14:00,28.5413988,77.1974632
STAFF-331,STAFF-331,lhc,Work Hours: 08:00-18:00 (Mon-Fri) | Lunch Break: 12:00-14:00,28.5401022,77.1988081
STAFF-332,STAFF-332,bharti_school,Work Hours: 08:00-18:00 (Mon-Fri) | Lunch Break: 12:00-14:00,28.5403864,77.1988925
STAFF-333,STAFF-333,block2,Work Hours: 08:00-18:00 (Mon-Fri) | Lunch Break: 12:00-14:00,28.5421834,77.1995877
STAFF-334,STAFF-334,nil,Work Hours: 08:00-18:00 (Mon-Fri) | Lunch Break: 12:00-14:00,28.539943,77.1983956
STAFF-335,STAFF-335,lhc,Work Hours: 08:00-18:00 (Mon-Fri) | Lunch Break: 12:00-14:00,28.543657,77.1961602
STAFF-336,STAFF-336,lhc,Work Hours: 08:00-18:00 (Mon-Fri) | Lunch Break: 12:00-14:00,28.5430149,77.1961166
STAFF-337,STAFF-337,kailash,Work Hours: 08:00-18:00 (Mon-Fri) | Lunch Break: 12:00-14:00,28.5426778,77.1959698
STAFF-338,STAFF-338,jwala,Work Hours: 08:00-18:00 (Mon-Fri) | Lunch Break: 12:00-14:00,28.5414932,77.1972167
STAFF-339,STAFF-339,main_building,Work Hours: 08:00-18:00 (Mon-Fri) | Lunch Break: 12:00-14:00,28.5415486,77.1971315
STAFF-340,STAFF-340,main_building,Work Hours: 08:00-18:00 (Mon-Fri) | Lunch Break: 12:00-14:00,28.5411906,77.1984355
STAFF-341,STAFF-341,kailash,Work Hours: 08:00-18:00 (Mon-Fri) | Lunch Break: 12:00-14:00,28.5416896,77.1967777
STAFF-342,STAFF-342,main_building,Work Hours: 08:00-18:00 (Mon-Fri) | Lunch Break: 12:00-14:00,28.5413895,77.1967418
STAFF-343,STAFF-343,main_building,Work Hours: 08:00-18:00 (Mon-Fri) | Lunch Break: 12:00-14:00,28.5412992,77.1970058
STAFF-344,STAFF-344,main_building,Work Hours: 08:00-18:00 (Mon-Fri) | Lunch Break: 12:00-14:00,28.5409996,77.1969637
STAFF-345,STAFF-345,kum,Work Hours: 08:00-18:00 (Mon-Fri) | Lunch Break: 12:00-14:00,28.5411737,77.1965369
STAFF-346,STAFF-346,jwala,Work Hours: 08:00-18:00 (Mon-Fri) | Lunch Break: 12:00-14:00,28.5412507,77.1970838
STAFF-347,STAFF-347,vind,Work Hours: 08:00-18:00 (Mon-Fri) | Lunch Break: 12:00-14:00,28.5410455,77.1968798
STAFF-348,STAFF-348,kum,Work Hours: 08:00-18:00 (Mon-Fri) | Lunch Break: 12:00-14:00,28.5416419,77.1968684
STAFF-349,STAFF-349,block3,Work Hours: 08:00-18:00 (Mon-Fri) | Lunch Break: 12:00-14:00,28.5414342,77.1966569
STAFF-350,STAFF-350,block6,Work Hours: 08:00-18:00 (Mon-Fri) | Lunch Break: 12:00-14:00,28.5411292,77.1966243
STAFF-351,STAFF-351,ws,Work Hours: 08:00-18:00 (Mon-Fri) | Lunch Break: 12:00-14:00,28.5412436,77.1979566
STAFF-352,STAFF-352,main_building,Work Hours: 08:00-18:00 (Mon-Fri) | Lunch Break: 12:00-14:00,28.5418575,77.1962087
STAFF-353,STAFF-353,saha,Work Hours: 08:00-18:00 (Mon-Fri) | Lunch Break: 12:00-14:00,28.5426584,77.1955646
STAFF-354,STAFF-354,main_building,Work Hours: 08:00-18:00 (Mon-Fri) | Lunch Break: 12:00-14:00,28.542958,77.195701
STAFF-355,STAFF-355,bharti_school,Work Hours: 08:00-18:00 (Mon-Fri) | Lunch Break: 12:00-14:00,28.5431317,77.1957359
STAFF-356,STAFF-356,block3,Work Hours: 08:00-18:00 (Mon-Fri) | Lunch Break: 12:00-14:00,28.5425218,77.1954311
STAFF-357,STAFF-357,block5,Work Hours: 08:00-18:00 (Mon-Fri) | Lunch Break: 12:00-14:00,28.5414818,77.1940292
STAFF-358,STAFF-358,bharti_school,Work Hours: 08:00-18:00 (Mon-Fri) | Lunch Break: 12:00-14:00,28.5416071,77.1943947
STAFF-359,STAFF-359,jwala,Work Hours: 08:00-18:00 (Mon-Fri) | Lunch Break: 12:00-14:00,28.5417298,77.1937626
STAFF-360,STAFF-360,saha,Work Hours: 08:00-18:00 (Mon-Fri) | Lunch Break: 12:00-14:00,28.5418191,77.1940108
STAFF-361,STAFF-361,him,Work Hours: 08:00-18:00 (Mon-Fri) | Lunch Break: 12:00-14:00,28.5420211,77.1946017
STAFF-362,STAFF-362,kailash,Work Hours: 08:00-18:00 (Mon-Fri) | Lunch Break: 12:00-14:00,28.5416089,77.1986232
STAFF-363,STAFF-363,main_building,Work Hours: 08:00-18:00 (Mon-Fri) | Lunch Break: 12:00-14:00,28.5436774,77.1957113
STAFF-364,STAFF-364,saha,Work Hours: 08:00-18:00 (Mon-Fri) | Lunch Break: 12:00-14:00,28.5436287,77.195818
STAFF-365,STAFF-365,sat,Work Hours: 08:00-18:00 (Mon-Fri) | Lunch Break: 12:00-14:00,28.5429318,77.1964242
STAFF-366,STAFF-366,main_building,Work Hours: 08:00-18:00 (Mon-Fri) | Lunch Break: 12:00-14:00,28.5425998,77.1962534
STAFF-367,STAFF-367,library,Work Hours: 08:00-18:00 (Mon-Fri) | Lunch Break: 12:00-14:00,28.5415164,77.1965643
STAFF-368,STAFF-368,main_building,Work Hours: 08:00-18:00 (Mon-Fri) | Lunch Break: 12:00-14:00,28.541772,77.1966754
STAFF-369,STAFF-369,math_dept,Work Hours: 08:00-18:00 (Mon-Fri) | Lunch Break: 12:00-14:00,28.5400749,77.1980027
STAFF-370,STAFF-370,DMS,Work Hours: 08:00-18:00 (Mon-Fri) | Lunch Break: 12:00-14:00,28.5397984,77.1987447
STAFF-371,STAFF-371,block6,Work Hours: 08:00-18:00 (Mon-Fri) | Lunch Break: 12:00-14:00,28.5405748,77.1971985
STAFF-372,STAFF-372,kailash,Work Hours: 08:00-18:00 (Mon-Fri) | Lunch Break: 12:00-14:00,28.5405971,77.1965034
STAFF-373,STAFF-373,main_building,Work Hours: 08:00-18:00 (Mon-Fri) | Lunch Break: 12:00-14:00,28.5404166,77.1976374
STAFF-374,STAFF-374,block2,Work Hours: 08:00-18:00 (Mon-Fri) | Lunch Break: 12:00-14:00,28.5404595,77.1968988
STAFF-375,STAFF-375,block3,Work Hours: 08:00-18:00 (Mon-Fri) | Lunch Break: 12:00-14:00,28.5403154,77.1972854
STAFF-376,STAFF-376,vind,Work Hours: 08:00-18:00 (Mon-Fri) | Lunch Break: 12:00-14:00,28.5402583,77.1985064
STAFF-377,STAFF-377,main_building,Work Hours: 08:00-18:00 (Mon-Fri) | Lunch Break: 12:00-14:00,28.541012,77.1990517
STAFF-378,STAFF-378,block2,Work Hours: 08:00-18:00 (Mon-Fri) | Lunch Break: 12:00-14:00,28.5419195,77.194272
STAFF-379,STAFF-379,lhc,Work Hours: 08:00-18:00 (Mon-Fri) | Lunch Break: 12:00-14:00,28.5413073,77.1945159
STAFF-380,STAFF-380,nil,Work Hours: 08:00-18:00 (Mon-Fri) | Lunch Break: 12:00-14:00,28.5406689,77.1988643
STAFF-381,STAFF-381,lhc,Work Hours: 08:00-18:00 (Mon-Fri) | Lunch Break: 12:00-14:00,28.5424448,77.1997137
STAFF-382,STAFF-382,dogra,Work Hours: 08:00-18:00 (Mon-Fri) | Lunch Break: 12:00-14:00,28.5419326,77.1994723
STAFF-383,STAFF-383,lhc,Work Hours: 08:00-18:00 (Mon-Fri) | Lunch Break: 12:00-14:00,28.5412736,77.1963086
STAFF-384,STAFF-384,main_building,Work Hours: 08:00-18:00 (Mon-Fri) | Lunch Break: 12:00-14:00,28.5413576,77.1960593
STAFF-385,STAFF-385,ws,Work Hours: 08:00-18:00 (Mon-Fri) | Lunch Break: 12:00-14:00,28.5427064,77.1998208
STAFF-386,STAFF-386,library,Work Hours: 08:00-18:00 (Mon-Fri) | Lunch Break: 12:00-14:00,28.5411551,77.1992087
STAFF-387,STAFF-387,kara,Work Hours: 08:00-18:00 (Mon-Fri) | Lunch Break: 12:00-14:00,28.5413063,77.1974971
STAFF-388,STAFF-388,lhc,Work Hours: 08:00-18:00 (Mon-Fri) | Lunch Break: 12:00-14:00,28.5417395,77.1947532
STAFF-389,STAFF-389,main_building,Work Hours: 08:00-18:00 (Mon-Fri) | Lunch Break: 12:00-14:00,28.5411579,77.1956265
STAFF-390,STAFF-390,main_building,Work Hours: 08:00-18:00 (Mon-Fri) | Lunch Break: 12:00-14:00,28.540861,77.1963973
STAFF-391,STAFF-391,bharti_school,Work Hours: 08:00-18:00 (Mon-Fri) | Lunch Break: 12:00-14:00,28.5407532,77.1961026
STAFF-392,STAFF-392,kum,Work Hours: 08:00-18:00 (Mon-Fri) | Lunch Break: 12:00-14:00,28.5410115,77.1960104
STAFF-393,STAFF-393,dogra,Work Hours: 08:00-18:00 (Mon-Fri) | Lunch Break: 12:00-14:00,28.5413012,77.1952285
STAFF-394,STAFF-394,sat,Work Hours: 08:00-18:00 (Mon-Fri) | Lunch Break: 12:00-14:00,28.5407222,77.1967979
STAFF-395,STAFF-395,main_building,Work Hours: 08:00-18:00 (Mon-Fri) | Lunch Break: 12:00-14:00,28.5408968,77.1956918
STAFF-396,STAFF-396,sat,Work Hours: 08:00-18:00 (Mon-Fri) | Lunch Break: 12:00-14:00,28.5414535,77.1957924
STAFF-397,STAFF-397,saha,Work Hours: 08:00-18:00 (Mon-Fri) | Lunch Break: 12:00-14:00,28.5416714,77.1993411
STAFF-398,STAFF-398,main_building,Work Hours: 08:00-18:00 (Mon-Fri) | Lunch Break: 12:00-14:00,28.5408054,77.1986909
STAFF-399,STAFF-399,lhc,Work Hours: 08:00-18:00 (Mon-Fri) | Lunch Break: 12:00-14:00,28.540903,77.1972803
STAFF-400,STAFF-400,udai,Work Hours: 08:00-18:00 (Mon-Fri) | Lunch Break: 12:00-14:00,28.5409938,77.197243
STAFF-401,STAFF-401,bharti_school,Work Hours: 08:00-18:00 (Mon-Fri) | Lunch Break: 12:00-14:00,28.541039,77.1953149
STAFF-402,STAFF-402,ara,Work Hours: 08:00-18:00 (Mon-Fri) | Lunch Break: 12:00-14:00,28.5420092,77.1970516
STAFF-403,STAFF-403,main_building,Work Hours: 08:00-18:00 (Mon-Fri) | Lunch Break: 12:00-14:00,28.5417965,77.1980773
STAFF-404,STAFF-404,block1,Work Hours: 08:00-18:00 (Mon-Fri) | Lunch Break: 12:00-14:00,28.5408226,77.1977043
STAFF-405,STAFF-405,lhc,Work Hours: 08:00-18:00 (Mon-Fri) | Lunch Break: 12:00-14:00,28.542273,77.1968686
STAFF-406,STAFF-406,bharti_school,Work Hours: 08:00-18:00 (Mon-Fri) | Lunch Break: 12:00-14:00,28.5421296,77.1971588
STAFF-407,STAFF-407,kailash,Work Hours: 08:00-18:00 (Mon-Fri) | Lunch Break: 12:00-14:00,28.5419364,77.1978049
STAFF-408,STAFF-408,kum,Work Hours: 08:00-18:00 (Mon-Fri) | Lunch Break: 12:00-14:00,28.5423428,77.1957815
STAFF-409,STAFF-409,block6,Work Hours: 08:00-18:00 (Mon-Fri) | Lunch Break: 12:00-14:00,28.5417726,77.1982498
STAFF-410,STAFF-410,main_building,Work Hours: 08:00-18:00 (Mon-Fri) | Lunch Break: 12:00-14:00,28.5407254,77.1977394
STAFF-411,STAFF-411,main_building,Work Hours: 08:00-18:00 (Mon-Fri) | Lunch Break: 12:00-14:00,28.5421745,77.1965918
STAFF-412,STAFF-412,main_building,Work Hours: 08:00-18:00 (Mon-Fri) | Lunch Break: 12:00-14:00,28.5421046,77.1973344
STAFF-413,STAFF-413,lhc,Work Hours: 08:00-18:00 (Mon-Fri) | Lunch Break: 12:00-14:00,28.5416713,77.1979731
STAFF-414,STAFF-414,ara,Work Hours: 08:00-18:00 (Mon-Fri) | Lunch Break: 12:00-14:00,28.5418668,77.1973385
STAFF-415,STAFF-415,main_building,Work Hours: 08:00-18:00 (Mon-Fri) | Lunch Break: 12:00-14:00,28.5422013,77.1964181
STAFF-416,STAFF-416,DMS,Work Hours: 08:00-18:00 (Mon-Fri) | Lunch Break: 12:00-14:00,28.5418356,77.1975131
STAFF-417,STAFF-417,ara,Work Hours: 08:00-18:00 (Mon-Fri) | Lunch Break: 12:00-14:00,28.5416945,77.1977979
STAFF-418,STAFF-418,kara,Work Hours: 08:00-18:00 (Mon-Fri) | Lunch Break: 12:00-14:00,28.5420356,77.1968758
STAFF-419,STAFF-419,kara,Work Hours: 08:00-18:00 (Mon-Fri) | Lunch Break: 12:00-14:00,28.5422992,77.1966872
STAFF-420,STAFF-420,main_building,Work Hours: 08:00-18:00 (Mon-Fri) | Lunch Break: 12:00-14:00,28.5419617,77.1976186
STAFF-421,STAFF-421,block2,Work Hours: 08:00-18:00 (Mon-Fri) | Lunch Break: 12:00-14:00,28.54141,77.1992178
STAFF-422,STAFF-422,library,Work Hours: 08:00-18:00 (Mon-Fri) | Lunch Break: 12:00-14:00,28.5413988,77.1974632
STAFF-423,STAFF-423,him,Work Hours: 08:00-18:00 (Mon-Fri) | Lunch Break: 12:00-14:00,28.5401022,77.1988081
STAFF-424,STAFF-424,saha,Work Hours: 08:00-18:00 (Mon-Fri) | Lunch Break: 12:00-14:00,28.5403864,77.1988925
STAFF-425,STAFF-425,main_building,Work Hours: 08:00-18:00 (Mon-Fri) | Lunch Break: 12:00-14:00,28.5421834,77.1995877
STAFF-426,STAFF-426,nil,Work Hours: 08:00-18:00 (Mon-Fri) | Lunch Break: 12:00-14:00,28.539943,77.1983956
STAFF-427,STAFF-427,block5,Work Hours: 08:00-18:00 (Mon-Fri) | Lunch Break: 12:00-14:00,28.543657,77.1961602
STAFF-428,STAFF-428,block5,Work Hours: 08:00-18:00 (Mon-Fri) | Lunch Break: 12:00-14:00,28.5430149,77.1961166
STAFF-429,STAFF-429,shiv,Work Hours: 08:00-18:00 (Mon-Fri) | Lunch Break: 12:00-14:00,28.5426778,77.1959698
STAFF-430,STAFF-430,dogra,Work Hours: 08:00-18:00 (Mon-Fri) | Lunch Break: 12:00-14:00,28.5414932,77.1972167
STAFF-431,STAFF-431,ara,Work Hours: 08:00-18:00 (Mon-Fri) | Lunch Break: 12:00-14:00,28.5415486,77.1971315
STAFF-432,STAFF-432,main_building,Work Hours: 08:00-18:00 (Mon-Fri) | Lunch Break: 12:00-14:00,28.5411906,77.1984355
STAFF-433,STAFF-433,block6,Work Hours: 08:00-18:00 (Mon-Fri) | Lunch Break: 12:00-14:00,28.5416896,77.1967777
STAFF-434,STAFF-434,library,Work Hours: 08:00-18:00 (Mon-Fri) | Lunch Break: 12:00-14:00,28.5413895,77.1967418
STAFF-435,STAFF-435,shiv,Work Hours: 08:00-18:00 (Mon-Fri) | Lunch Break: 12:00-14:00,28.5412992,77.1970058
STAFF-436,STAFF-436,main_building,Work Hours: 08:00-18:00 (Mon-Fri) | Lunch Break: 12:00-14:00,28.5409996,77.1969637
STAFF-437,STAFF-437,main_building,Work Hours: 08:00-18:00 (Mon-Fri) | Lunch Break: 12:00-14:00,28.5411737,77.1965369
STAFF-438,STAFF-438,lhc,Work Hours: 08:00-18:00 (Mon-Fri) | Lunch Break: 12:00-14:00,28.5412507,77.1970838
STAFF-439,STAFF-439,block3,Work Hours: 08:00-18:00 (Mon-Fri) | Lunch Break: 12:00-14:00,28.5410455,77.1968798
STAFF-440,STAFF-440,block1,Work Hours: 08:00-18:00 (Mon-Fri) | Lunch Break: 12:00-14:00,28.5416419,77.1968684
STAFF-441,STAFF-441,main_building,Work Hours: 08:00-18:00 (Mon-Fri) | Lunch Break: 12:00-14:00,28.5414342,77.1966569
STAFF-442,STAFF-442,block2,Work Hours: 08:00-18:00 (Mon-Fri) | Lunch Break: 12:00-14:00,28.5411292,77.1966243
STAFF-443,STAFF-443,bharti_school,Work Hours: 08:00-18:00 (Mon-Fri) | Lunch Break: 12:00-14:00,28.5412436,77.1979566
STAFF-444,STAFF-444,main_building,Work Hours: 08:00-18:00 (Mon-Fri) | Lunch Break: 12:00-14:00,28.5418575,77.1962087
STAFF-445,STAFF-445,kara,Work Hours: 08:00-18:00 (Mon-Fri) | Lunch Break: 12:00-14:00,28.5426584,77.1955646
STAFF-446,STAFF-446,nil,Work Hours: 08:00-18:00 (Mon-Fri) | Lunch Break: 12:00-14:00,28.542958,77.195701
STAFF-447,STAFF-447,zans,Work Hours: 08:00-18:00 (Mon-Fri) | Lunch Break: 12:00-14:00,28.5431317,77.1957359
STAFF-448,STAFF-448,kum,Work Hours: 08:00-18:00 (Mon-Fri) | Lunch Break: 12:00-14:00,28.5425218,77.1954311
STAFF-449,STAFF-449,main_building,Work Hours: 08:00-18:00 (Mon-Fri) | Lunch Break: 12:00-14:00,28.5414818,77.1940292
STAFF-450,STAFF-450,main_building,Work Hours: 08:00-18:00 (Mon-Fri) | Lunch Break: 12:00-14:00,28.5416071,77.1943947
STAFF-451,STAFF-451,math_dept,Work Hours: 08:00-18:00 (Mon-Fri) | Lunch Break: 12:00-14:00,28.5417298,77.1937626
STAFF-452,STAFF-452,dogra,Work Hours: 08:00-18:00 (Mon-Fri) | Lunch Break: 12:00-14:00,28.5418191,77.1940108
STAFF-453,STAFF-453,DMS,Work Hours: 08:00-18:00 (Mon-Fri) | Lunch Break: 12:00-14:00,28.5420211,77.1946017
STAFF-454,STAFF-454,lhc,Work Hours: 08:00-18:00 (Mon-Fri) | Lunch Break: 12:00-14:00,28.5416089,77.1986232
STAFF-455,STAFF-455,lhc,Work Hours: 08:00-18:00 (Mon-Fri) | Lunch Break: 12:00-14:00,28.5436774,77.1957113
STAFF-456,STAFF-456,kailash,Work Hours: 08:00-18:00 (Mon-Fri) | Lunch Break: 12:00-14:00,28.5436287,77.195818
STAFF-457,STAFF-457,kailash,Work Hours: 08:00-18:00 (Mon-Fri) | Lunch Break: 12:00-14:00,28.5429318,77.1964242
STAFF-458,STAFF-458,math_dept,Work Hours: 08:00-18:00 (Mon-Fri) | Lunch Break: 12:00-14:00,28.5425998,77.1962534
STAFF-459,STAFF-459,dogra,Work Hours: 08:00-18:00 (Mon-Fri) | Lunch Break: 12:00-14:00,28.5415164,77.1965643
STAFF-460,STAFF-460,lhc,Work Hours: 08:00-18:00 (Mon-Fri) | Lunch Break: 12:00-14:00,28.541772,77.1966754
STAFF-461,STAFF-461,block6,Work Hours: 08:00-18:00 (Mon-Fri) | Lunch Break: 12:00-14:00,28.5400749,77.1980027
STAFF-462,STAFF-462,block2,Work Hours: 08:00-18:00 (Mon-Fri) | Lunch Break: 12:00-14:00,28.5397984,77.1987447
STAFF-463,STAFF-463,gir,Work Hours: 08:00-18:00 (Mon-Fri) | Lunch Break: 12:00-14:00,28.5405748,77.1971985
STAFF-464,STAFF-464,DMS,Work Hours: 08:00-18:00 (Mon-Fri) | Lunch Break: 12:00-14:00,28.5405971,77.1965034
STAFF-465,STAFF-465,main_building,Work Hours: 08:00-18:00 (Mon-Fri) | Lunch Break: 12:00-14:00,28.5404166,77.1976374
STAFF-466,STAFF-466,block3,Work Hours: 08:00-18:00 (Mon-Fri) | Lunch Break: 12:00-14:00,28.5404595,77.1968988
STAFF-467,STAFF-467,lhc,Work Hours: 08:00-18:00 (Mon-Fri) | Lunch Break: 12:00-14:00,28.5403154,77.1972854
STAFF-468,STAFF-468,main_building,Work Hours: 08:00-18:00 (Mon-Fri) | Lunch Break: 12:00-14:00,28.5402583,77.1985064
STAFF-469,STAFF-469,main_building,Work Hours: 08:00-18:00 (Mon-Fri) | Lunch Break: 12:00-14:00,28.541012,77.1990517
STAFF-470,STAFF-470,saha,Work Hours: 08:00-18:00 (Mon-Fri) | Lunch Break: 12:00-14:00,28.5419195,77.194272
STAFF-471,STAFF-471,bharti_school,Work Hours: 08:00-18:00 (Mon-Fri) | Lunch Break: 12:00-14:00,28.5413073,77.1945159
STAFF-472,STAFF-472,main_building,Work Hours: 08:00-18:00 (Mon-Fri) | Lunch Break: 12:00-14:00,28.5406689,77.1988643
STAFF-473,STAFF-473,dogra,Work Hours: 08:00-18:00 (Mon-Fri) | Lunch Break: 12:00-14:00,28.5424448,77.1997137
STAFF-474,STAFF-474,main_building,Work Hours: 08:00-18:00 (Mon-Fri) | Lunch Break: 12:00-14:00,28.5419326,77.1994723
STAFF-475,STAFF-475,main_building,Work Hours: 08:00-18:00 (Mon-Fri) | Lunch Break: 12:00-14:00,28.5412736,77.1963086
STAFF-476,STAFF-476,sat,Work Hours: 08:00-18:00 (Mon-Fri) | Lunch Break: 12:00-14:00,28.5413576,77.1960593
STAFF-477,STAFF-477,lhc,Work Hours: 08:00-18:00 (Mon-Fri) | Lunch Break: 12:00-14:00,28.5427064,77.1998208
STAFF-478,STAFF-478,dogra,Work Hours: 08:00-18:00 (Mon-Fri) | Lunch Break: 12:00-14:00,28.5411551,77.1992087
STAFF-479,STAFF-479,block1,Work Hours: 08:00-18:00 (Mon-Fri) | Lunch Break: 12:00-14:00,28.5413063,77.1974971
STAFF-480,STAFF-480,gir,Work Hours: 08:00-18:00 (Mon-Fri) | Lunch Break: 12:00-14:00,28.5417395,77.1947532
STAFF-481,STAFF-481,kum,Work Hours: 08:00-18:00 (Mon-Fri) | Lunch Break: 12:00-14:00,28.5411579,77.1956265
STAFF-482,STAFF-482,kailash,Work Hours: 08:00-18:00 (Mon-Fri) | Lunch Break: 12:00-14:00,28.540861,77.1963973
STAFF-483,STAFF-483,main_building,Work Hours: 08:00-18:00 (Mon-Fri) | Lunch Break: 12:00-14:00,28.5407532,77.1961026
STAFF-484,STAFF-484,sat,Work Hours: 08:00-18:00 (Mon-Fri) | Lunch Break: 12:00-14:00,28.5410115,77.1960104
STAFF-485,STAFF-485,block2,Work Hours: 08:00-18:00 (Mon-Fri) | Lunch Break: 12:00-14:00,28.5413012,77.1952285
STAFF-486,STAFF-486,bharti_school,Work Hours: 08:00-18:00 (Mon-Fri) | Lunch Break: 12:00-14:00,28.5407222,77.1967979
STAFF-487,STAFF-487,dogra,Work Hours: 08:00-18:00 (Mon-Fri) | Lunch Break: 12:00-14:00,28.5408968,77.1956918
STAFF-488,STAFF-488,block1,Work Hours: 08:00-18:00 (Mon-Fri) | Lunch Break: 12:00-14:00,28.5414535,77.1957924
STAFF-489,STAFF-489,vind,Work Hours: 08:00-18:00 (Mon-Fri) | Lunch Break: 12:00-14:00,28.5416714,77.1993411
STAFF-490,STAFF-490,gir,Work Hours: 08:00-18:00 (Mon-Fri) | Lunch Break: 12:00-14:00,28.5408054,77.1986909
