S.No,Course Name,Course Code,Slot Name,Units,Lecture Time,Tutorial Time,Practical Time,Vacancy,Room,Tut Room,Column 1,Column 2,Column 3
889,MINI PROJECT IN ARTIFICIAL INTELLIGENCE-AID710,AID710,P,0.0-0.0-6.0,,,,50,,,,,
890,M.TECH. PROJECT PART-I-AID891,AID891,P,0.0-0.0-12.0,,,,18,,,,,
891,MS RESEARCH PROJECT-AID895,AID895,P,0.0-0.0-72.0,,,,20,,,,,
896,MACHINE LEARNING LAB-I-AIP701,AIP701,P,0.0-0.0-2.0,,,,30,,,,,
897,INDEPENDENT STUDY IN ARTIFICIAL INTELLIGENCE-AIS710,AIS710,P,0.0-3.0-0.0,,,,50,,,,,
2,MAJOR PROJECT-AMD895,AMD895,X,0.0-0.0-80.0,,,,30,,,,,
3,DESIGN PROJECT-AMD899,AMD899,X,0.0-0.0-20.0,,,,35,,,,,
12,FLUIDS & SOLIDS LABORATORY-AMP262,AMP262,F,0.0-0.0-4.0,,,,60,,,,,
13,B.TECH. PROJECT-I-APD411,APD411,X,0.0-0.0-8.0,,,,60,,,,,
14,MAJOR PROJECT PART-I-APD811,APD811,X,0.0-0.0-12.0,,,,30,,,,,
15,MAJOR PROJECT PART-II-APD812,APD812,X,0.0-0.0-24.0,,,,30,,,,,
16,MS RESEARCH PROJECT-APD895,APD895,X,0.0-0.0-72.0,,,,30,,,,,
24,MECHANICS OF FLUIDS-APL107P,APL107P,P,0.0-0.0-2.0,,,,2,,,,,
733,CONTINUUM MECHANICS-APL701M,APL701M,A,3.0-0.0-0.0,MTh 08:00-09:30,,,60,,,,,
44,SEMINAR COURSE - I-APQ301,APQ301,X,0.0-0.0-2.0,,,,60,,,,,
93,MINOR AREA PROJECT-ASD390,ASD390,Q,0.0-0.0-10.0,,,,5,,,,,
94,PROJECT-I-ASD881,ASD881,Q,0.0-0.0-12.0,,,,15,,,,,
108,DATA ANALYSIS METHODS FOR ATMO-ASP731,ASP731,AA,0.0-0.0-4.0,,,,16,,,,,
49,MAJOR PROJECT PART 1 (BB1)-BBD451,BBD451,P,0.0-0.0-6.0,,,,90,,,,,
50,MAJOR PROJECT PART 1 (BB5)-BBD851,BBD851,X,0.0-0.0-12.0,,,,1,,,,,
51,MTP PART-I-BBD855,BBD855,P,0.0-0.0-12.0,,,,30,,,,,
52,MAJOR PROJECT (MSR)-BBD895,BBD895,P,0.0-0.0-72.0,,,,60,,,,,
70,BIOPROCESS ENGINEERING LAB-BBP332,BBP332,P,0.0-0.0-3.0,,,,90,,,,,
71,SEMINAR COURSE - I-BBQ301,BBQ301,P,0.0-0.0-2.0,,,,30,,,,,
72,SEMINAR COURSE - II-BBQ302,BBQ302,P,0.0-0.0-2.0,,,,30,,,,,
73,AGRICULTURE SUSTAINABILITY THROUGH PLANT-ASSOCIATED MICROBIOMES-BBV752,BBV752,X,1.0-0.0-0.0,,,,40,,,,,
119,MAJOR PROJECT-I-BMD801,BMD801,X,0.0-0.0-18.0,,,,60,,,,,
126,RESEARCH TECHNIQUES IN BIOMEDICAL ENGINEERING-BML800,BML800,AB,3.0-0.0-0.0,MTh 15:30-17:00,,,60,,,,,
128,CANCER : DIAGNOSIS AND THERAPY-BML850,BML850,J,3.0-0.0-0.0,MTF 12:00-13:00,,,60,,,,,
129,HEALTHCARE WEARABLES: DESIGN AND APPLICATIONS-BML880,BML880,AA,2.0-0.0-2.0,MTh 14:00-15:30,,,60,,,,,
130,BASIC ELECTRONICS-BMV701,BMV701,E,1.0-0.0-0.0,TWF 10:00-11:00,,,15,,,,,
131,BASIC MATHEMATICS FOR BIOLOGISTS-BMV702,BMV702,X,1.0-0.0-0.0,,,,15,,,,,
132,BASIC BIOLOGY & PHYSIOLOGY-BMV703,BMV703,D,1.0-0.0-0.0,TWF 09:00-10:00,,,15,,,,,
133,MECHANICS OF BIOMATERIALS-BMV705,BMV705,X,1.0-0.0-0.0,,,,15,,,,,
45,MAJOR PROJECT (MSR)-BSD895,BSD895,X,0.0-0.0-72.0,,,,30,,,,,
46,COMMUNICATION AND SIGNAL PROCESSING TECHNOLOGIES LABORATORY-BSP710,BSP710,P,0.0-1.0-4.0,,,,60,,,,,
47,STANDARDS - APPRECIATION OF STANDARDS-BSV711,BSV711,X,1.0-0.0-0.0,,,,30,,,,,
146,B. TECH. PROJECT-CLD411,CLD411,P,0.0-0.0-8.0,,,,160,,,,,
147,MAJOR PROJECT IN ENERGY & ENV.-CLD412,CLD412,P,0.0-0.0-10.0,,,,120,,,,,
148,MAJOR PROJECT IN COMPLEX FLUID-CLD413,CLD413,P,0.0-0.0-10.0,,,,120,,,,,
149,"MAJOR PROJ. IN P.E, MOD. & OP.-CLD414",CLD414,P,0.0-0.0-10.0,,,,120,,,,,
150,MAJOR PROJ IN BIOP. & FINE CH.-CLD415,CLD415,P,0.0-0.0-10.0,,,,120,,,,,
151,MINOR PROJECT-CLD771,CLD771,P,0.0-0.0-6.0,,,,60,,,,,
152,MAJOR PROJECT - I-CLD781,CLD781,P,0.0-0.0-16.0,,,,60,,,,,
153,MAJOR PROJECT - II-CLD782,CLD782,P,0.0-0.0-24.0,,,,60,,,,,
154,MINOR PROJECT-CLD880,CLD880,P,0.0-0.0-8.0,,,,70,,,,,
155,MAJOR PROJECT PARTI-CLD881,CLD881,P,0.0-0.0-16.0,,,,70,,,,,
156,MAJOR PROJECT PARTII-CLD882,CLD882,P,0.0-0.0-24.0,,,,70,,,,,
157,M.S.R. MAJOR PROJECT-CLD895,CLD895,P,0.0-0.0-72.0,,,,60,,,,,
162,CHEMICAL REACTION ENGG I-CLL122,CLL122,X,3.0-1.0-0.0,,,,0,,,,,
176,ADVANCED TRANSPORT PHENOMENA-CLL731,CLL731,X,3.0-0.0-0.0,,,,0,,,,,
179,INTRODUCTION TO MICROFLUIDICS AND MICROFABRICATION-CLL770,CLL770,F,3.0-0.0-0.0,TThF 11:00-12:00,,,50,,,,,
183,SEL. TOPICS IN CHEM. ENGG.- II-CLL799,CLL799,J,3.0-0.0-0.0,MTF 12:00-13:00,,,50,,,,,
184,CHEMICAL ENGINEERING LAB I-CLP301,CLP301,F,0.0-0.0-3.0,,,,200,,,,,
185,CHEMICAL ENGINEERING LAB - III-CLP303,CLP303,F,0.0-0.0-3.0,,,,160,,,,,
186,SEMINAR COURSE - I-CLQ301,CLQ301,X,0.0-0.0-2.0,,,,40,,,,,
187,PROJECT PART I-CMD631,CMD631,P,0.0-0.0-12.0,,,,72,,,,,
188,MINOR PROJECT-CMD799,CMD799,P,0.0-0.0-6.0,,,,30,,,,,
189,MAJOR  PROJECT PART - I-CMD806,CMD806,P,0.0-0.0-18.0,,,,30,,,,,
215,LAB I-CMP511,CMP511,P,0.0-0.0-4.0,,,,72,,,,,
216,LAB II-CMP512,CMP512,P,0.0-0.0-4.0,,,,72,,,,,
217,LAB ON SYNTHESIS-CMP722,CMP722,P,0.0-0.0-6.0,,,,30,,,,,
299,DESIGN PROJECT-COD300,COD300,X,0.0-0.0-4.0,,,,50,,,,,
300,MINI PROJECT-COD310,COD310,X,0.0-0.0-6.0,,,,50,,,,,
301,B.TECH PROJECT PART 1-COD492,COD492,X,0.0-0.0-12.0,,,,150,,,,,
302,B.TECH PROJECT PART 2-COD494,COD494,X,0.0-0.0-16.0,,,,20,,,,,
303,MINOR PROJECT-COD891,COD891,X,0.0-0.0-6.0,,,,70,,,,,
304,M.TECH PROJECT PARTI-COD892,COD892,X,0.0-0.0-14.0,,,,70,,,,,
305,M.TECH PROJECT PARTII-COD893,COD893,X,0.0-0.0-28.0,,,,50,,,,,
306,MSR PROJECT-COD895,COD895,X,0.0-0.0-72.0,,,,50,,,,,
308,DATA STRUCTURES AND ALGORITHMS-COL106,COL106,F,3.0-0.0-4.0,TThF 11:00-12:00,,,500,,,,,
311,OPERATING SYSTEMS-COL331,COL331,S1,3.0-0.0-4.0,,,,0,,,,,
315,ARTIFICIAL INTELLIGENCE-COL671,COL671,F,3.0-0.0-2.0,TThF 11:00-12:00,,,30,,,,,
316,COMPUTER NETWORKS-COL672,COL672,D,3.0-0.0-2.0,TWF 09:00-10:00,,,30,,,,,
321,NUMERICAL ALGORITHMS-COL726,COL726,X,3.0-0.0-2.0,,,,0,,,,,
340,SPECIAL TOPICS IN FORMAL METHODS-COL876,COL876,X,3.0-0.0-0.0,,,,30,,,,,
341,TEACHING PRACTICUM IN COMPUTER SCIENCE AND ENGINEERING-CON800,CON800,X,0.0-0.0-8.0,,,,200,,,,,
342,RESEARCH PRACTICUM IN COMPUTER SCIENCE AND ENGINEERING-CON801,CON801,X,1.0-0.0-8.0,,,,100,,,,,
343,SOFTWARE SYSTEMS LABORATORY-COP701,COP701,P,0.0-0.0-6.0,,,,60,,,,,
344,SEMINAR COURSE - I-COQ301,COQ301,X,0.0-0.0-2.0,,,,30,,,,,
345,SEMINAR COURSE - II-COQ302,COQ302,X,0.0-0.0-2.0,,,,30,,,,,
346,SEMINAR COURSE - III-COQ303,COQ303,X,0.0-0.0-2.0,,,,30,,,,,
347,SEMINAR COURSE - IV-COQ304,COQ304,X,0.0-0.0-2.0,,,,30,,,,,
348,INDEPENDENT STUDY (CS)-COS310,COS310,X,0.0-3.0-0.0,,,,50,,,,,
349,INDEPENDENT STUDY-COS799,COS799,X,0.0-3.0-0.0,,,,50,,,,,
350,SPL. MODULE IN DATABASE SYST.-COV888,COV888,X,1.0-0.0-0.0,,,,30,,,,,
77,MINOR PROJECT-CRD802,CRD802,X,0.0-0.0-6.0,,,,1,,,,,
78,MAJOR PROJECT PART-I-CRD811,CRD811,P,0.0-0.0-12.0,,,,30,,,,,
79,MAJOR PROJECT PART 2-CRD812,CRD812,P,0.0-0.0-24.0,,,,20,,,,,
80,BASICS OF STATISTICAL SIGNAL A-CRL601,CRL601,E,2.0-0.0-2.0,TWF 10:00-11:00,,,60,,,,,
81,BASICS OF RF AND MICROWAVES-CRL611,CRL611,B,2.0-1.0-0.0,MTh 09:30-11:00,,,60,,,,,
82,FUNDAMENTALS OF SEMICONDUCTOR-CRL621,CRL621,X,3.0-0.0-0.0,,,,60,,,,,
83,HUMAN & MACHINE SPEECH COMMUNICATION-CRL707,CRL707,F,3.0-0.0-0.0,TThF 11:00-12:00,,,60,,,,,
84,UNDERWATER ELECTRONIC SYSTEMS-CRL709,CRL709,J,3.0-0.0-0.0,MTF 12:00-13:00,,,60,,,,,
89,SELECTED TOPICS IN RFDT-III-CRL733,CRL733,X,3.0-0.0-0.0,,,,60,,,,,
90,SELECTED TOPICS IN RFDT - IV-CRL734,CRL734,X,3.0-0.0-0.0,,,,25,,,,,
91,RF AND MICROWAVE MEASUREMENT LABORATORY-CRP718,CRP718,P,1.0-0.0-6.0,,,,40,,,,,
92,FABRICATION TECHNIQUES FOR RF & MICROWAVE DEVICES-CRP723,CRP723,P,1.0-0.0-4.0,,,,29,,,,,
351,ADVANCE ALGORITHMS-CSL758,CSL758,X,3.0-1.0-0.0,,,,0,,,,,
110,MAJOR PROJECT PART-I-CTD801,CTD801,X,0.0-0.0-12.0,,,,30,,,,,
111,MAJOR PROJECT PART-II-CTD802,CTD802,X,0.0-0.0-24.0,,,,30,,,,,
112,MS RESEARCH PROJECT-CTD895,CTD895,X,0.0-0.0-72.0,,,,30,,,,,
116,Reliability and Accelerated Life Testing-CTL729,CTL729,F,3.0-0.0-0.0,TThF 11:00-12:00,,,30,,,,,
117,ELECTRIC VEHICLE LABORATORY 1-CTP702,CTP702,AA,1.0-0.0-4.0,MTh 14:00-15:30,,,30,,,,,
218,SEMINAR IN CONSTRUCTION TECH-CVC771,CVC771,X,0.0-0.0-2.0,,,,60,,,,,
219,BTECH PROJECT PART 1-CVD411,CVD411,X,0.0-0.0-8.0,,,,120,,,,,
220,MINOR PROJECT-CVD700,CVD700,X,0.0-0.0-6.0,,,,10,,,,,
221,MINOR PROJECT-CVD710,CVD710,X,0.0-0.0-6.0,,,,10,,,,,
222,MAJOR THESIS PART-I-CVD720,CVD720,X,0.0-0.0-12.0,,,,25,,,,,
223,MAJOR THESIS PART-II-CVD721,CVD721,X,0.0-0.0-24.0,,,,5,,,,,
224,MAJOR PROJECT PART-I (CES)-CVD757,CVD757,X,0.0-0.0-18.0,,,,30,,,,,
225,MAJOR PROJECT PART-II (CES)-CVD758,CVD758,X,0.0-0.0-18.0,,,,5,,,,,
226,MAJOR PROJECT PART-I (CEC)-CVD772,CVD772,X,0.0-0.0-18.0,,,,30,,,,,
227,MAJOR PROJECT PART-II (CEC)-CVD773,CVD773,X,0.0-0.0-24.0,,,,5,,,,,
228,MINOR PROJECT (CET)-CVD776,CVD776,X,0.0-0.0-6.0,,,,30,,,,,
229,MAJOR PROJECT PART-I (CET)-CVD777,CVD777,X,0.0-0.0-18.0,,,,30,,,,,
230,MAJOR PROJECT PART-II (CET)-CVD778,CVD778,X,0.0-0.0-24.0,,,,5,,,,,
231,MAJOR PROJECT PART-I-CVD800,CVD800,X,0.0-0.0-12.0,,,,25,,,,,
232,MAJOR THESIS PART-II-CVD801,CVD801,X,0.0-0.0-24.0,,,,5,,,,,
233,MAJOR PROJECT PART-I-CVD810,CVD810,X,0.0-0.0-12.0,,,,25,,,,,
234,MAJOR PROJECT PART-II (CEU)-CVD811,CVD811,X,0.0-0.0-24.0,,,,5,,,,,
235,MAJOR PROJECT PART-I-CVD831,CVD831,X,0.0-0.0-12.0,,,,30,,,,,
236,MAJOR PROJECT PART-II-CVD832,CVD832,X,0.0-0.0-24.0,,,,5,,,,,
237,MAJOR PROJECT PART-I-CVD853,CVD853,X,0.0-0.0-18.0,,,,25,,,,,
238,MAJOR PROJECT PART-II-CVD854,CVD854,X,0.0-0.0-24.0,,,,5,,,,,
239,MSR MAJOR PROJECT-CVD895,CVD895,X,0.0-0.0-72.0,,,,30,,,,,
287,PROBABILISTIC STRUCTURAL DYNAMICS-CVL869,CVL869,D,3.0-0.0-0.0,TWF 09:00-10:00,,,30,,,,,
291,ENGINEERING GEOLOGY LABORATORY-CVP121,CVP121,B,0.0-0.0-2.0,,,,120,,,,,
292,STRUCT. & MAT. (CONCRETE) LAB-CVP243,CVP243,F,0.0-0.0-3.0,,,,120,,,,,
293,GEOTECHNICAL ENGINEERING LAB-CVP321,CVP321,D,0.0-0.0-2.0,,,,125,,,,,
294,STRUCTURAL DESIGN & DETAILING-CVP441,CVP441,E,0.0-0.0-3.0,,,,120,,,,,
1,COMPUTATIONAL ASPECTS IN WATER RESOURCES-CVP484,CVP484,K,1.0-0.0-4.0,"W 12:00-13:00 ,TF 17:00-18:00",,,30,,,,,
295,SOIL ENGINEERING LAB-CVP700,CVP700,P,0.0-0.0-6.0,,,,40,,,,,
296,ROCK MECHANICS LABORATORY 1-CVP710,CVP710,P,0.0-0.0-6.0,,,,30,,,,,
297,COMPUTATIONAL LABORATORY-CVP772,CVP772,P,0.0-0.0-3.0,,,,90,,,,,
354,DESIGN PROJECT-3 (COLLABORATIVE DESIGN PROJECT)-DDD310,DDD310,X,0.0-0.0-8.0,,,,20,,,,,
355,DESIGN PROJECT-DDD799,DDD799,X,1.0-0.0-6.0,,,,5,,,,,
356,DESIGN PROJECT -2-DDD891,DDD891,P,0.0-0.0-12.0,,,,25,,,,,
357,UNDERSTANDING DESIGN & DESIGN MOVEMENTS-DDL110,DDL110,X,2.0-0.0-2.0,,,,20,,,,,
358,VISUALIZATION TECHNIQUES-DDL111,DDL111,X,1.0-0.0-4.0,,,,20,,,,,
359,DESIGN PROCESS-DDL112,DDL112,X,1.0-0.0-2.0,,,,20,,,,,
360,DESIGN THINKING & DESIGN CRITIQUE-DDL115,DDL115,M,1.0-0.0-2.0,MTh 17:00-18:30,,,25,,,,,
364,ADVANCED VISUALIZATION TECHNIQUES-DDL212,DDL212,X,1.0-0.0-4.0,,,,20,,,,,
367,DESIGN FOR FUTURE-DDL215,DDL215,X,1.0-0.0-2.0,,,,20,,,,,
368,"PHOTOGRAPHY, ILLUSTRATION AND MOVING IMAGES-DDL217",DDL217,X,2.0-0.0-2.0,,,,20,,,,,
369,BRANDING-IDENTITY AND PACKAGING DESIGN-DDL311,DDL311,X,1.0-0.0-4.0,,,,40,,,,,
373,DESIGN FOR UI / UX-DDL315,DDL315,X,1.0-0.0-4.0,,,,40,,,,,
381,MATERIALS & PROCESSES FOR MODEL MAKING-DDP114,DDP114,X,0.0-0.0-4.0,,,,20,,,,,
382,ART AND CRAFT PRACTICUM-DDP216,DDP216,X,0.0-0.0-2.0,,,,25,,,,,
385,COMMUNI. & PRESENTATION SKILLS-DDP731,DDP731,X,1.0-0.0-4.0,,,,30,,,,,
386,SOCIAL IMMERSION-DDR761,DDR761,X,0.0-0.0-2.0,,,,25,,,,,
387,STRATEGIC DESIGN MANAGEMENT-DDR852,DDR852,X,2.0-0.0-2.0,,,,30,,,,,
936,MAJOR PROJECT PART-I-DSD801,DSD801,P,0.0-0.0-12.0,,,,25,,,,,
937,MAJOR PROJECT PART-II-DSD802,DSD802,P,0.0-0.0-24.0,,,,5,,,,,
938,MAJOR PROJECT (MSR)-DSD895,DSD895,X,0.0-0.0-72.0,,,,25,,,,,
939,ELECTRO. COMPONENTS & CIRCUITS-DSL601,DSL601,X,3.0-0.0-0.0,,,,2,,,,,
942,PRECISION MEASUREMENTS SYSTEMS-DSL722,DSL722,M,3.0-0.0-0.0,MTh 17:00-18:30,,,50,,,,,
945,INSTRUMENT TECHNOLOGY LAB 1-DSP703,DSP703,P,0.0-0.0-6.0,,,,30,,,,,
388,SOCIAL IMMERSION-DSR227,DSR227,P,0.0-0.0-4.0,,,,20,,,,,
389,DOCTORAL THESIS-DTD899,DTD899,P,0.0-0.0-0.0,,,,5000,,,,,
390,MAJOR PROJECT PART 2 (EE)-EED412,EED412,P,0.0-0.0-14.0,,,,1,,,,,
391,B.TECH. PROJECT - I-ELD411,ELD411,P,0.0-0.0-6.0,,,,140,,,,,
392,B.TECH. PROJECT - I-ELD431,ELD431,P,0.0-0.0-6.0,,,,70,,,,,
393,MINOR PROJECT (EEA)-ELD800,ELD800,P,0.0-0.0-6.0,,,,30,,,,,
394,MAJOR PROJECT PART I-ELD801,ELD801,P,0.0-0.0-12.0,,,,50,,,,,
395,MAJOR PROJECT PART II-ELD802,ELD802,P,0.0-0.0-24.0,,,,50,,,,,
396,MAJOR PROJECT PART-I (COMMUNIC-ELD811,ELD811,P,0.0-0.0-12.0,,,,50,,,,,
397,MINOR PROJECT-ELD830,ELD830,P,0.0-0.0-6.0,,,,30,,,,,
398,MAJOR PROJECT PART-I (INTEGRAT-ELD831,ELD831,P,0.0-0.0-12.0,,,,50,,,,,
399,MAJOR PROJECT PART-II-ELD832,ELD832,P,0.0-0.0-24.0,,,,30,,,,,
400,MAJOR PROJECT PART-I-ELD851,ELD851,P,0.0-0.0-12.0,,,,50,,,,,
401,MAJOR PROJECT PART-I-ELD871,ELD871,P,0.0-0.0-12.0,,,,50,,,,,
402,MAJOR PROJECT PART-II-ELD872,ELD872,P,0.0-0.0-24.0,,,,100,,,,,
403,MAJOR PROJECT PART-I-ELD880,ELD880,P,0.0-0.0-12.0,,,,50,,,,,
404,MS RESEARCH PROJECT-ELD895,ELD895,P,0.0-0.0-72.0,,,,50,,,,,
409,SIGNALS AND SYSTEMS-ELL205,ELL205,D,3.0-1.0-0.0,TWF 09:00-10:00,MTThF 14:00-15:00,,350,,,,,
412,ANALOG ELECTRONIC CIRCUITS-ELL304,ELL304,F,3.0-1.0-3.0,TThF 11:00-12:00,MTThF 13:00-14:00,,210,,,,,
416,ELECTRIC DRIVES-ELL332,ELL332,X,3.0-0.0-0.0,,,,0,,,,,
424,SYSTEMS BIOLOGY-ELL707,ELL707,X,3.0-0.0-0.0,,,,60,,,,,
430,BASIC INFORMATION THEORY-ELL714,ELL714,X,3.0-0.0-0.0,,,,30,,,,,
437,INTRODUCTION TO MEMS DESIGN-ELL742,ELL742,X,3.0-0.0-0.0,,,,30,,,,,
439,BIOMEDICAL ELECTRONICS-ELL746,ELL746,X,3.0-0.0-0.0,,,,60,,,,,
452,ADVANCED TOPICS IN SYSTEMS AND-ELL808,ELL808,AD,3.0-0.0-0.0,TF 15:30-17:00,,,60,,,,,
454,SELECTED TOPICS IN INFORMATION PROCESSING-I-ELL823,ELL823,X,3.0-0.0-0.0,,,,50,,,,,
461,ADVANCES IN DEEP LEARNING-ELL891,ELL891,K,3.0-0.0-2.0,"W 12:00-13:00 ,TF 17:00-18:00",,,50,,,,,
462,MOBILE COMPUTING-ELL896,ELL896,X,3.0-0.0-0.0,,,,30,,,,,
463,INTRO. TO ELECTRICAL ENGG.-ELP101,ELP101,P,0.0-0.0-2.0,,,,650,,,,,
464,ELECTROMAGNETICS LABORATORY-ELP212,ELP212,E,0.0-0.0-3.0,,,,200,,,,,
465,CONTROL ENGINEERING LABORATORY-ELP225,ELP225,F,0.0-0.0-3.0,,,,200,,,,,
466,POWER ENGINEERING LABORATORY-ELP303,ELP303,F,0.0-0.0-3.0,,,,200,,,,,
467,ELECTRIC DRIVES LABORATORY-ELP332,ELP332,B,0.0-0.0-3.0,,,,100,,,,,
468,MICROWAVE LABORATORY-ELP719,ELP719,P,0.0-1.0-4.0,,,,70,,,,,
469,CONTROL SYSTEMS LABORATORY-ELP800,ELP800,P,0.0-0.0-2.0,,,,60,,,,,
471,ELECTRICAL MACHINES LABORATORY-ELP850,ELP850,P,0.0-0.0-3.0,,,,50,,,,,
472,POWER ELECTRONICS LABORATORY-ELP851,ELP851,P,0.0-0.0-3.0,,,,50,,,,,
473,POWER SYSTEM LAB 1-ELP870,ELP870,P,0.0-1.0-4.0,,,,50,,,,,
474,SEMINAR COURSE - I-ELQ301,ELQ301,P,0.0-0.0-2.0,,,,150,,,,,
475,INDEPENDENT STUDY (EE1)-ELS310,ELS310,X,0.0-3.0-0.0,,,,20,,,,,
476,INDEPENDENT STUDY (EE3)-ELS330,ELS330,X,0.0-3.0-0.0,,,,20,,,,,
477,SPECIAL MODULE IN SYSTEMS AND CONTROL-ELV700,ELV700,X,1.0-0.0-0.0,,,,30,,,,,
480,B.TECH. PROJECT-I-ESD400,ESD400,P,0.0-0.0-6.0,,,,40,,,,,
481,MINOR PROJECT [ESR]-ESD798,ESD798,P,0.0-0.0-6.0,,,,60,,,,,
482,MINOR PROJECT [ESN]-ESD799,ESD799,P,0.0-0.0-6.0,,,,60,,,,,
483,MAJOR PROJECT PART I [ESN]-ESD801,ESD801,P,0.0-0.0-12.0,,,,60,,,,,
484,MAJOR PROJECT PART II [ESN]-ESD802,ESD802,P,0.0-0.0-24.0,,,,60,,,,,
485,MAJOR PROJECT PART I [ESR]-ESD851,ESD851,P,0.0-0.0-12.0,,,,60,,,,,
486,MAJOR PROJECT PART II [ESR]-ESD852,ESD852,P,0.0-0.0-24.0,,,,60,,,,,
487,MS RESEARCH PROJECT-ESD895,ESD895,P,0.0-0.0-72.0,,,,10,,,,,
514,APPLIED MATHEMATICS AND COMPUTATIONAL METHODS-ESN791,ESN791,K3,1.0-0.0-0.0,"W 12:00-13:00 ,TF 17:00-18:00",,,60,,,,,
515,SEMINAR COURSE ON NUCLEARENERGY AND FUTURISTIC USE-ESQ307,ESQ307,X,0.0-0.0-2.0,,,,25,,,,,
516,INDEPENDENT STUDY [ESN]-ESS801,ESS801,P,0.0-3.0-0.0,,,,60,,,,,
517,INDEPENDENT STUDY [ESR]-ESS851,ESS851,P,0.0-3.0-0.0,,,,60,,,,,
518,COGNITIVE SCIENCE PROJECT I-HSD621,HSD621,X,0.0-0.0-12.0,,,,30,,,,,
519,SEMINAR (CASE MATERIAL-BASED)MINOR PROJECT-HSD700,HSD700,X,0.0-0.0-6.0,,,,30,,,,,
532,"MAKING SENSE OF THE EVERYDAY: THEORIES, DEBATES AND CRITIQUES-HSL672",HSL672,AC,3.0-0.0-0.0,TF 14:00-15:30,,,30,,,,,
535,MICROECONOMICS-HSL712,HSL712,X,3.0-0.0-0.0,,,,30,,,,,
539,WHAT IS A TEXT-HSL731,HSL731,X,3.0-0.0-0.0,,,,30,,,,,
540,STUDY OF AN AUTHOR/WRITER IN FOCUS-HSL733,HSL733,X,3.0-0.0-0.0,,,,30,,,,,
542,PHONOLOGICAL MARKEDNESS-HSL746,HSL746,X,2.0-0.0-2.0,,,,30,,,,,
544,CRITICAL READING IN PHILOSOPHICAL TEXTS-HSL751,HSL751,AB,3.0-0.0-0.0,MTh 15:30-17:00,,,30,,,,,
545,SOCIOLOGICAL THEORY-HSL771,HSL771,AC,3.0-0.0-0.0,TF 14:00-15:30,,,30,,,,,
546,GENDER AND SOCIETY-HSL779,HSL779,AA,3.0-0.0-0.0,MTh 14:00-15:30,,,30,,,,,
547,SOCIAL AND CULTURAL CONSTRUCTION OF EMOTIONS-HSL780,HSL780,X,3.0-0.0-0.0,,,,30,,,,,
548,WORKING WITH HUMANITIES DATA-HSL784,HSL784,AB,2.0-0.0-2.0,MTh 15:30-17:00,,,30,,,,,
551,ADVANCED TOPICS IN ECONOMICS-HSL820,HSL820,AB,3.0-0.0-0.0,MTh 15:30-17:00,,,30,,,,,
552,ADVANCED TOPICS IN LINGUISTICS-HSL850,HSL850,AC,3.0-0.0-0.0,TF 14:00-15:30,,,30,,,,,
553,"INTERDISCIPLINARY READING BOOTCAMP: CULTURE, SOCIETY, THOUGHT-HSN500",HSN500,X,0.0-1.0-0.0,,,,30,,,,,
554,RESEARCH PROJECT IN ECONOMICS I-HSP520,HSP520,X,0.0-0.0-6.0,,,,30,,,,,
555,COGNITIVE SCIENCE LECTURE SERIES I-HSP522,HSP522,X,0.0-0.0-4.0,,,,30,,,,,
556,ADVANCED ECONOMICS LAB-HSP611,HSP611,X,0.0-0.0-8.0,,,,60,,,,,
557,RESEARCH SEMINAR IN ECONOMICS-HSP612,HSP612,H,1.0-0.0-4.0,"MW 11:00-12:00 ,Th 12:00-13:00",,,30,,,,,
559,HSS COLLOQUIUM-I-HSQ501,HSQ501,X,1.0-0.0-0.0,,,,24,,,,,
574,INTRODUCTION TO THE SOCIOLOGY OF INDIA-HUL272,HUL272,H,3.0-1.0-0.0,"MW 11:00-12:00 ,Th 12:00-13:00",,,60,,,,,
575,INTRODUCTION TO THE SOCIOLOGY OF INDIA-HUL272,HUL272,M,3.0-1.0-0.0,MTh 17:00-18:30,,,150,,,,,
586,MACROECONOMICS -HUL713,HUL713,X,3.0-0.0-0.0,,,,30,,,,,
589,PSYCHOLOGY OF DECISION MAKING-HUL861,HUL861,X,3.0-0.0-0.0,,,,30,,,,,
590,ADVANCED TOPICS IN PSYCHOLOGY-HUL870,HUL870,X,3.0-0.0-0.0,,,,30,,,,,
118,FUNDAMENTALS OF TRIBOLOGY-ITL703,ITL703,X,3.0-0.0-2.0,,,,30,,,,,
74,MINOR PROJECT-JCD891,JCD891,X,0.0-0.0-6.0,,,,60,,,,,
352,M.TECH. PROJECT PART-I-JCD892,JCD892,X,0.0-0.0-12.0,,,,20,,,,,
75,M.TECH PROJECT PART-II-JCD893,JCD893,X,0.0-0.0-24.0,,,,60,,,,,
76,DATA STRUCTURES AND ALGORITHMS LAB-JCP781,JCP781,P,0.0-0.0-2.0,,,,15,,,,,
834,MAJOR PROJECT PART-I-JOD801,JOD801,P,0.0-0.0-12.0,,,,70,,,,,
835,MAJOR PROJECT PART-II-JOD802,JOD802,Q,0.0-0.0-24.0,,,,70,,,,,
836,FIBER OPTICS AND OPTICAL COMMUNICATIONS LAB.-JOP791,JOP791,P,0.0-0.0-6.0,,,,70,,,,,
820,MTECH PROJECT PART I-JRD892,JRD892,X,0.0-0.0-12.0,,,,10,,,,,
734,ROBOTICS TECHNOLOGY-JRL302,JRL302,X,3.0-0.0-2.0,,,,25,,,,,
353,FOUNDATION OF ROBOTICS-JRL704,JRL704,X,1.0-0.0-4.0,,,,15,,,,,
48,MAJOR PROJECT PART-I-JTD801,JTD801,X,0.0-0.0-12.0,,,,30,,,,,
478,MAJOR PROJECT PART-I-JVD811,JVD811,X,0.0-0.0-24.0,,,,20,,,,,
479,MS RESEARCH PROJECT-JVD895,JVD895,X,0.0-0.0-72.0,,,,2,,,,,
735,B.TECH.PROJECT-MCD411,MCD411,X,0.0-0.0-8.0,,,,200,,,,,
736,MAJOR PROJECT PART I (THERMAL ENGINEERING)-MCD811,MCD811,X,0.0-0.0-16.0,,,,30,,,,,
737,MAJOR PROJECT PART II (THERMALENGINEERING)-MCD812,MCD812,X,0.0-0.0-24.0,,,,30,,,,,
738,MAJOR PROJECT PART-I-MCD831,MCD831,X,0.0-0.0-12.0,,,,30,,,,,
739,MAJOR PROJECT PART II-MCD832,MCD832,X,0.0-0.0-24.0,,,,30,,,,,
740,M TECH. PROJECT PART-I-MCD861,MCD861,X,0.0-0.0-24.0,,,,30,,,,,
741,MAJOR PROJECT PART-II-MCD862,MCD862,X,0.0-0.0-24.0,,,,30,,,,,
742,MAJOR PROJECT PART-1-MCD881,MCD881,X,0.0-0.0-12.0,,,,30,,,,,
743,MAJOR PROJECT PART-2-MCD882,MCD882,X,0.0-0.0-24.0,,,,30,,,,,
744,MAJOR PROJECT (MSR)-MCD895,MCD895,X,0.0-0.0-72.0,,,,60,,,,,
749,METROLOGY & QUALITY ASSURANCE-MCL134P,MCL134P,P,0.0-0.0-1.0,,,,5,,,,,
753,THERMAL SC. FOR ELE. ENGINEERS-MCL142,MCL142,X,3.0-0.0-0.0,,,,0,,,,,
760,INTRODUCTION TO ORBITAL MECHANICS-MCL318,MCL318,X,3.0-0.0-0.0,,,,0,,,,,
783,PROCESSING AND MECHANICS OF CO-MCL791,MCL791,C,3.0-0.0-2.0,TWF 08:00-09:00,,,40,,,,,
787,ROTOR DYNAMICS-MCL839,MCL839,C,2.0-0.0-2.0,TWF 08:00-09:00,,,30,,,,,
791,MANUFACTURING LABORATORY I-MCP231,MCP231,E,0.0-0.0-2.0,,,,133,,,,,
792,PRODUCTION ENGINEERING LAB I-MCP232,MCP232,F,0.0-0.0-2.0,,,,114,,,,,
793,INDUSTRIAL ENGINEERING LAB- II-MCP361,MCP361,C,0.0-0.0-2.0,,,,70,,,,,
794,MECHANICAL ENGINEERING LAB -II-MCP401,MCP401,E,0.0-0.0-4.0,,,,100,,,,,
796,SEMINAR COURSE - III-MCQ303,MCQ303,X,0.0-0.0-2.0,,,,30,,,,,
797,SPL. MODULE IN MECHANICAL ENGG (RAC PRODUCT DESIGN)-MCV390(B),MCV390(B),J,1.0-0.0-0.0,MTF 12:00-13:00,,,80,,,,,
798,SPECIAL MODULE IN SYSTEM DESIGN-MCV849,MCV849,X,1.0-0.0-0.0,,,,25,,,,,
799,SPECIAL MODULE IN SYSTEM DESIGN-MCV849A,MCV849A,M,1.0-0.0-0.0,MTh 17:00-18:30,,,100,,,,,
594,MANAGING DIGITAL TRANSFORMATION-MDL801,MDL801,D1,1.5-0.0-0.0,TWF 09:00-10:00,,,60,,,,,
595,ENTREPRENEURIAL FINANCE-MDL802,MDL802,A,3.0-0.0-0.0,MTh 08:00-09:30,,,60,,,,,
657,B.TECH PROJECT-BTP-I-MLD411,MLD411,P,0.0-0.0-8.0,,,,50,,,,,
658,MAJOR PROJECT-I-MLD801,MLD801,P,0.0-0.0-18.0,,,,30,,,,,
659,MAJOR PROJECT PART-I-MLD811,MLD811,P,0.0-0.0-12.0,,,,40,,,,,
660,MS RESEARCH PROJECT-MLD895,MLD895,P,0.0-0.0-72.0,,,,30,,,,,
672,MATHEMATICAL AND COMPUTATIONAL METHODS IN MATERIALS-MLL703,MLL703,D,3.0-0.0-2.0,TWF 09:00-10:00,,,40,,,,,
681,MATERIALS SELECTION AND DESIGN LAB-MLP473,MLP473,E,0.0-0.0-3.0,,,,60,,,,,
683,POLYMER SYNTHESIS AND CHARACTERIZATION LABORATORY-MLP726,MLP726,X,0.0-0.0-4.0,,,,40,,,,,
684,MATERIALS SCIENCE AND ENGINEERING SEMINAR-MLQ302,MLQ302,X,0.0-0.0-2.0,,,,40,,,,,
685,SPECIAL TOPICS IN MATERIALS-MLV705,MLV705,X,1.0-0.0-0.0,,,,30,,,,,
597,SEMINAR-MSC894,MSC894,P,0.0-0.0-6.0,,,,40,,,,,
598,PRODUCT VIABILITY & MARKET TRACTION-MSD308,MSD308,P,0.0-0.0-3.0,,,,80,,,,,
602,IDEATION AND PROTOYPING-MSL306,MSL306,T,2.0-0.0-2.0,Th 18:15-21:15,,,80,,,,,
603,FINANCIAL ACCOUNTING & COMPLIANCE FOR STARTUPS-MSL405,MSL405,R,3.0-0.0-0.0,T 18:15-21:15,,,80,,,,,
604,MANAGEMENT OF TECHNOLOGY TRANSFER ANDABSORPTION-MSL703,MSL703,V,3.0-0.0-0.0,M 18:15-21:15,,,40,,,,,
605,BUSINESS LAWS-MSL706,MSL706,S,3.0-0.0-0.0,W 18:15-21:15,,,40,,,,,
606,MANAGEMENT ACCOUNTING-MSL707,MSL707,A,3.0-0.0-0.0,MTh 08:00-09:30,,,80,,,,,
607,MANAGEMENT ACCOUNTING-MSL707,MSL707,M,3.0-0.0-0.0,MTh 17:00-18:30,,,80,,,,,
608,MANAGEMENT ACCOUNTING-MSL707,MSL707,U,3.0-0.0-0.0,F 18:15-21:15,,,70,,,,,
609,BUSINESS RESEARCH METHODS-MSL709,MSL709,AC1,1.5-0.0-0.0,TF 14:00-15:30,,,80,,,,,
610,BUSINESS RESEARCH METHODS-MSL709,MSL709,AD1,1.5-0.0-0.0,TF 15:30-17:00,,,80,,,,,
611,STRATEGIC MANAGEMENT-MSL711,MSL711,R,3.0-0.0-0.0,T 18:15-21:15,,,40,,,,,
613,ETHICS & VALUE BASED LEADERSH.-MSL712,MSL712,AA1,1.5-0.0-0.0,MTh 14:00-15:30,,,80,,,,,
614,ETHICS & VALUE BASED LEADERSH.-MSL712,MSL712,AB1,1.5-0.0-0.0,MTh 15:30-17:00,,,80,,,,,
612,ETHICS & VALUE BASED LEADERSH.-MSL712,MSL712,R1,1.5-0.0-0.0,T 18:15-21:15,,,70,,,,,
615,STATISTICS FOR MANAGEMENT-MSL719,MSL719,B,3.0-0.0-0.0,MTh 09:30-11:00,,,80,,,,,
616,STATISTICS FOR MANAGEMENT-MSL719,MSL719,F,3.0-0.0-0.0,TThF 11:00-12:00,,,80,,,,,
617,STATISTICS FOR MANAGEMENT-MSL719,MSL719,T,3.0-0.0-0.0,Th 18:15-21:15,,,70,,,,,
618,MACROECONOMIC ENV. OF BUSINESS-MSL720,MSL720,V,3.0-0.0-0.0,M 18:15-21:15,,,40,,,,,
619,MANAGING ENTERPRISE AI/ML SYSTEMS-MSL722,MSL722,R1,1.5-0.0-0.0,T 18:15-21:15,,,60,,,,,
621,BUSINESS COMMUNICATION-MSL724,MSL724,AD1,1.5-0.0-0.0,TF 15:30-17:00,,,80,,,,,
622,BUSINESS COMMUNICATION-MSL724,MSL724,J1,1.5-0.0-0.0,MTF 12:00-13:00,,,80,,,,,
623,BUSINESS COMMUNICATION-MSL724,MSL724,S2,1.5-0.0-0.0,W 18:15-21:15,,,70,,,,,
620,BUSINESS COMMUNICATION-MSL724,MSL724,T2,1.5-0.0-0.0,Th 18:15-21:15,,,40,,,,,
625,INDIVIDUAL BEHAVIOR IN ORGANIZATION-MSL729,MSL729,E2,1.5-0.0-0.0,TWF 10:00-11:00,,,80,,,,,
627,INDIVIDUAL BEHAVIOR IN ORGANIZATION-MSL729,MSL729,H2,1.5-0.0-0.0,"MW 11:00-12:00 ,Th 12:00-13:00",,,80,,,,,
626,INDIVIDUAL BEHAVIOR IN ORGANIZATION-MSL729,MSL729,S1,1.5-0.0-0.0,W 18:15-21:15,,,70,,,,,
624,INDIVIDUAL BEHAVIOR IN ORGANIZATION-MSL729,MSL729,T1,1.5-0.0-0.0,Th 18:15-21:15,,,40,,,,,
628,QUANTITATIVE METHODS IN MGMT.-MSL740,MSL740,D,3.0-0.0-0.0,TWF 09:00-10:00,,,80,,,,,
629,QUANTITATIVE METHODS IN MGMT.-MSL740,MSL740,E,3.0-0.0-0.0,TWF 10:00-11:00,,,80,,,,,
630,QUANTITATIVE METHODS IN MGMT.-MSL740,MSL740,V,3.0-0.0-0.0,M 18:15-21:15,,,70,,,,,
631,OPERATIONS MANAGEMENT-MSL745,MSL745,S,3.0-0.0-0.0,W 18:15-21:15,,,40,,,,,
632,MARKETING MANAGEMENT-MSL760,MSL760,B,3.0-0.0-0.0,MTh 09:30-11:00,,,80,,,,,
633,MARKETING MANAGEMENT-MSL760,MSL760,D,3.0-0.0-0.0,TWF 09:00-10:00,,,80,,,,,
635,MANAGERIAL ECONOMICS-MSL780,MSL780,AA2,1.5-0.0-0.0,MTh 14:00-15:30,,,80,,,,,
636,MANAGERIAL ECONOMICS-MSL780,MSL780,AB2,1.5-0.0-0.0,MTh 15:30-17:00,,,80,,,,,
634,MANAGERIAL ECONOMICS-MSL780,MSL780,R2,1.5-0.0-0.0,T 18:15-21:15,,,70,,,,,
637,MGMT. OF INTELLECTUAL PR. RIG.-MSL802,MSL802,T,3.0-0.0-0.0,Th 18:15-21:15,,,60,,,,,
638,DATA VISUALIZATION-MSL814,MSL814,T2,1.5-0.0-0.0,Th 18:15-21:15,,,60,,,,,
639,CURRENT & EM. ISSUES IN ST. MG-MSL829,MSL829,R,3.0-0.0-0.0,T 18:15-21:15,,,60,,,,,
640,CURRENT & EM. ISS. IN ORG. MG.-MSL839,MSL839,J,3.0-0.0-0.0,MTF 12:00-13:00,,,60,,,,,
641,SUPPLY CHAIN LOGISTICS MGMT.-MSL843,MSL843,AC,3.0-0.0-0.0,TF 14:00-15:30,,,60,,,,,
642,SUPPLY CHAIN LOGISTICS MGMT.-MSL843,MSL843,T,3.0-0.0-0.0,Th 18:15-21:15,,,60,,,,,
643,TOTAL PROJECT SYSTEMS MGMT.-MSL845,MSL845,R,3.0-0.0-0.0,T 18:15-21:15,,,60,,,,,
644,APPLIED OPERATIONS RESEARCH-MSL848,MSL848,U,3.0-0.0-0.0,F 18:15-21:15,,,60,,,,,
645,STRATEGIC ALLIANCE-MSL851,MSL851,F2,1.5-0.0-0.0,TThF 11:00-12:00,,,60,,,,,
646,ELECTRONIC COMMERCE-MSL855,MSL855,AD,3.0-0.0-0.0,TF 15:30-17:00,,,60,,,,,
647,MARKET RESEARCH-MSL861,MSL861,U,3.0-0.0-0.0,F 18:15-21:15,,,60,,,,,
648,PRODUCT MANAGEMENT-MSL862,MSL862,K,3.0-0.0-0.0,"W 12:00-13:00 ,TF 17:00-18:00",,,60,,,,,
649,CURRENT AND EMERGING ISSUES IN MARKETING-MSL869,MSL869,E,3.0-0.0-0.0,TWF 10:00-11:00,,,60,,,,,
650,INTERNATIONAL FINANCIAL MANAGEMENT-MSL875,MSL875,AB,3.0-0.0-0.0,MTh 15:30-17:00,,,60,,,,,
651,SELECTED TOPICS IN MANAGEMENT METHODOLOGY-MSL880,MSL880,H,3.0-0.0-0.0,"MW 11:00-12:00 ,Th 12:00-13:00",,,60,,,,,
652,DIGITAL MARKETING-ANALYTICS & OPTIMIZATION-MSL885,MSL885,U,3.0-0.0-0.0,F 18:15-21:15,,,60,,,,,
653,MOBILE COMMERCE-MSL887,MSL887,AA,3.0-0.0-0.0,MTh 14:00-15:30,,,60,,,,,
654,PREDICTIVE ANALYTICS-MSL892,MSL892,T1,1.5-0.0-0.0,Th 18:15-21:15,,,60,,,,,
655,ADVANCED DATA ANALYSIS FOR MANAGEMENT-MSL895,MSL895,D,3.0-0.0-0.0,TWF 09:00-10:00,,,60,,,,,
656,CORPORATE SECTOR ATTACHMENT-MST893,MST893,P,0.0-0.0-4.0,,,,130,,,,,
686,MINI PROJECT-MTD350,MTD350,X,0.0-0.0-6.0,,,,20,,,,,
687,B.TECH. PROJECT-MTD421,MTD421,X,0.0-0.0-8.0,,,,2,,,,,
688,PROJECT I-MTD701,MTD701,X,0.0-0.0-10.0,,,,75,,,,,
689,MAJOR PROJECT PARTII-MTD852,MTD852,X,0.0-0.0-24.0,,,,5,,,,,
690,MAJOR PROJECT PART-I-MTD853,MTD853,X,0.0-0.0-8.0,,,,50,,,,,
691,MAJOR PROJECT PART-II-MTD854,MTD854,X,0.0-0.0-36.0,,,,5,,,,,
694,LINEAR ALGEBRA & DIFFE. EQUA.-MTL101,MTL101,X,3.0-1.0-0.0,,,,0,,,,,
700,INTRODUCTION TO STATISTICS-MTL108,MTL108,X,3.0-1.0-0.0,,,,0,,,,,
704,STATISTICAL METHODS-MTL390,MTL390,X,3.0-1.0-0.0,,,,0,,,,,
728,SEMINAR COURSE - XII-MTQ312,MTQ312,X,0.0-0.0-0.0,,,,5,,,,,
729,SEMINAR COURSE - XIII-MTQ313,MTQ313,X,0.0-0.0-0.0,,,,5,,,,,
730,SEMINAR COURSE - XIV-MTQ314,MTQ314,X,0.0-0.0-0.0,,,,5,,,,,
731,SEMINAR COURSE - XV-MTQ315,MTQ315,X,0.0-0.0-0.0,,,,5,,,,,
732,SEMINAR COURSE - XVI-MTQ316,MTQ316,X,0.0-0.0-0.0,,,,15,,,,,
591,PROFESSIONAL ETHICS AND SOCIAL RESPONSIBILITY - I-NEN110,NEN110,X,0.0-0.0-0.5,,,,1200,,,,,
592,INTRODUCTION TO ENGINEERING-NIN100,NIN100,X,0.0-0.0-0.0,,,,1200,,,,,
826,MINI PROJECT IN OPTICS AND PHOTONICS-OPD710,OPD710,X,0.0-0.0-6.0,,,,10,,,,,
827,PRINCIPLES OF LASERS-OPL711,OPL711,E,3.0-0.0-0.0,TWF 10:00-11:00,,,30,,,,,
828,INTEGRATED PHOTONICS-OPL714,OPL714,X,3.0-0.0-0.0,,,,30,,,,,
829,INTRODUCTION TO QUANTUM PHOTONICS-OPL716,OPL716,X,3.0-0.0-0.0,,,,5,,,,,
831,MODES IN OPTICAL WAVEGUIDES-OPV794,OPV794,AB1,1.0-0.0-0.0,MTh 15:30-17:00,,,30,,,,,
832,MODELING OF OPTICAL WAVEGUIDES-OPV795,OPV795,AB1,1.0-0.0-0.0,MTh 15:30-17:00,,,30,,,,,
833,OPTICAL MODE INTERACTION IN NONLINEAR MEDIA-OPV796,OPV796,AD1,1.0-0.0-0.0,TF 15:30-17:00,,,30,,,,,
837,PROJECT-I-PYD411,PYD411,Q,0.0-0.0-8.0,,,,70,,,,,
838,PROJECT I-PYD561,PYD561,Q,0.0-0.0-6.0,,,,70,,,,,
839,MAJOR PROJECT PART-I-PYD801,PYD801,Q,0.0-0.0-12.0,,,,70,,,,,
840,MAJOR PROJECT PART-I-PYD851,PYD851,Q,0.0-0.0-12.0,,,,70,,,,,
878,PHYSICS LABORATORY-PYP100,PYP100,P,0.0-0.0-4.0,,,,700,,,,,
879,ENGINEERING PHYSICS LAB-I-PYP111,PYP111,P,0.0-0.0-6.0,,,,80,,,,,
880,ENGINEERING PHYSICS LABORATORY-III-PYP223,PYP223,D,0.0-0.0-6.0,,,,80,,,,,
881,LABORATORY I-PYP561,PYP561,P,0.0-0.0-8.0,,,,70,,,,,
882,ADVANCED LABORATORY-PYP563,PYP563,P,0.0-0.0-8.0,,,,70,,,,,
883,SOLID STATE MATERIALS LABORATORY-I-PYP701,PYP701,P,0.0-0.0-6.0,,,,70,,,,,
884,OPTICAL FABRICATION AND METROL-PYP761,PYP761,D,0.0-0.0-6.0,,,,80,,,,,
885,COMPUTATIONAL OPTICS LABORATORY-PYP763,PYP763,P,0.0-0.0-6.0,,,,70,,,,,
886,SEMINAR COURSE - I-PYQ301,PYQ301,X,0.0-0.0-2.0,,,,50,,,,,
887,SELECTED TOPICS-I-PYV881,PYV881,X,1.0-0.0-0.0,,,,20,,,,,
888,SELECTED TOPICS-II (TOPICS OF ADVANCED CONDENSED MATTER)-PYV882,PYV882,X,1.0-0.0-0.0,,,,20,,,,,
145,SEMINAR COURSE-V-RDQ305,RDQ305,X,0.0-0.0-2.0,,,,30,,,,,
898,GRADUATE STUDENT RESEARCH SEMINAR-SBC795,SBC795,P,0.0-0.0-2.0,,,,60,,,,,
899,MINI PROJECT-SBD301,SBD301,P,0.0-0.0-6.0,,,,10,,,,,
900,MS RESEARCH PROJECT-SBD895,SBD895,P,0.0-0.0-72.0,,,,50,,,,,
908,CHEMICAL BIOLOGY-SBL710,SBL710,B,3.0-0.0-0.0,MTh 09:30-11:00,,,60,,,,,
914,INTRODUCTION TO PRACTICAL MODERN BIOLOGY-SBP200,SBP200,P,0.0-0.0-4.0,,,,20,,,,,
915,INDEPENDENT STUDY-SBS800,SBS800,P,0.0-3.0-0.0,,,,10,,,,,
916,MS RESEARCH PROJECT-SID890,SID890,X,0.0-0.0-72.0,,,,30,,,,,
917,"INTRODUCTION TO BLOCKCHAINS, CRYPTOCURRENCIES, AND SMART CONTRACTS-SIL763",SIL763,AA,3.0-0.0-2.0,MTh 14:00-15:30,,,30,,,,,
918,SPECIAL MODULE IN COMPUTER FORENSICS-SIV812,SIV812,X,1.0-0.0-1.0,,,,20,,,,,
919,SPECIAL MODULE ON MEDIA PROCESSING & COMMUNICATION-SIV864,SIV864,X,1.0-0.0-0.0,,,,20,,,,,
920,SPECIAL MODULE ON INTELLIGENT INFO. PROCESSING-SIV895,SIV895,X,1.0-0.0-0.0,,,,30,,,,,
921,MPP MAJOR PROJECT - I-SPD881,SPD881,X,0.0-0.0-8.0,,,,28,,,,,
922,MPP MAJOR PROJECT-II-SPD882,SPD882,X,0.0-0.0-28.0,,,,28,,,,,
923,INFORMATION & COMMUNICATION TECHNOLOGIES AND SOCIETY-SPL361,SPL361,M,3.0-0.0-2.0,MTh 17:00-18:30,,,30,,,,,
985,MS RESEARCH PROJECT-TRD895,TRD895,X,0.0-0.0-72.0,,,,20,,,,,
987,TRANSPORTATION SAFETY AND INJURY PREVENTION PRINCIPLES-TRL701,TRL701,K,3.0-0.0-2.0,"W 12:00-13:00 ,TF 17:00-18:00",,,30,,,,,
989,TRANSPORT PLANNING FOR SUSTAINABLE CITIES-TRL710,TRL710,B,2.0-0.0-2.0,MTh 09:30-11:00,,,20,,,,,
990,SPECIAL TOPICS IN MOBILITY AND TRAFFIC SAFETY (THE CITY: A MULTIPLE PERSPECTIVE CONSTRUCT)-TRL851A,TRL851A,M,3.0-0.0-0.0,MTh 17:00-18:30,,,20,,,,,
992,TRANSFORMATION OF THE TRANSPORT SYSTEM AND CITIES FOR A SUSTAINABLE FUTURE-TRV751,TRV751,X,1.0-0.0-0.0,,,,20,,,,,
993,EPIDEMIOLOGY METHODS IN TRAFFIC INJURY PREVENTION-TRV754,TRV754,X,1.0-0.0-0.0,,,,15,,,,,
946,POLYMER AND FIBRE CHEMISTRY-TTL711,TTL711,AD,3.0-0.0-0.0,TF 15:30-17:00,,,20,,,,,
947,MAJOR PROJECT PART I-TXD401,TXD401,P,0.0-0.0-8.0,,,,120,,,,,
948,MAJOR PROJECT PART-I (TXE)-TXD801,TXD801,P,0.0-0.0-12.0,,,,30,,,,,
949,MAJOR PROJECT PART-I (TXF)-TXD802,TXD802,P,0.0-0.0-12.0,,,,30,,,,,
950,MAJOR PROJECT PART II-TXD804,TXD804,P,0.0-0.0-24.0,,,,5,,,,,
951,MAJOR PROJECT PART-I-TXD805,TXD805,P,0.0-0.0-12.0,,,,30,,,,,
974,YARN MANUFACTURE LAB II-TXP222,TXP222,P,0.0-0.0-2.0,,,,120,,,,,
975,FABRIC MANUFACTURE LAB II-TXP232,TXP232,D,0.0-0.0-2.0,,,,120,,,,,
976,TECH OF TEXTILE COLORATION LAB-TXP242,TXP242,E,0.0-0.0-3.0,,,,120,,,,,
977,POLYMER AND FIBRE CHEMISTRY LA-TXP711,TXP711,P,0.0-0.0-2.0,,,,20,,,,,
978,POLYMER AND FIBRE PHYSICS LABO-TXP712,TXP712,P,0.0-0.0-2.0,,,,50,,,,,
979,TEXTILE COLORATION LAB-TXP749,TXP749,P,0.0-0.0-2.0,,,,30,,,,,
980,CHARACTERIZATION OF CHEMICALSAND FINISHED TEXTILES-TXP751,TXP751,P,0.0-0.0-2.0,,,,30,,,,,
981,SEMINAR COURSE 1-TXQ301,TXQ301,P,0.0-0.0-2.0,,,,120,,,,,
982,PROFESSIONAL PRACTICES-TXR752,TXR752,P,0.0-0.0-2.0,,,,30,,,,,
983,RESEARCH SEMINAR-TXS751,TXS751,P,0.0-0.0-2.0,,,,30,,,,,
984,INDUSTRIAL SUMMER TRAINING-TXT800,TXT800,P,0.0-0.0-0.0,,,,30,,,,,
823,SPECIAL MODULE ON LEADERSHIP  I-VEV733,VEV733,X,1.0-0.0-0.0,,,,60,,,,,
824,SPECIAL MODULE ON LEADERSHIP-II-VEV734,VEV734,X,1.0-0.0-0.0,,,,75,,,,,
825,SPECIAL MODULE ON INNER DEVELOPMENT-3-VEV741,VEV741,X,1.0-0.0-0.0,,,,117,,,,,
800,INDUSTRIAL SAFETY AND HAZARDS-VLM101,VLM101,X,1.0-0.0-0.0,,,,25,,,,,
801,ENERGY MANAGEMENT IN MANUFACTURING-VLM102,VLM102,X,0.0-0.0-1.0,,,,25,,,,,
802,MACHINING TECHNOLOGY-VLM103,VLM103,X,0.0-0.0-1.0,,,,25,,,,,
803,MACHINE TOOLS AND TOOL DESIGN-VLM104,VLM104,X,0.0-0.0-1.0,,,,24,,,,,
804,PROCESS ENGINEERING-VLM105,VLM105,X,1.0-0.0-0.0,,,,25,,,,,
805,ENGINEERING MEASUREMENT-VLM106,VLM106,X,0.0-0.0-1.0,,,,25,,,,,
806,MICRO AND NANO FABRICATION-VLM107,VLM107,X,0.5-0.0-1.0,,,,25,,,,,
807,CAD/CAM AND NUMERICAL CONTROL-VLM108,VLM108,X,1.0-0.0-1.0,,,,25,,,,,
808,ADDITIVE MANUFACTURING-VLM109,VLM109,X,0.5-0.0-2.0,,,,25,,,,,
809,AUTOMATION AND SMART MANUFACTURING-VLM110,VLM110,X,0.5-0.0-2.0,,,,25,,,,,
810,ROBOTICS-VLM111,VLM111,X,1.0-0.0-0.0,,,,25,,,,,
811,ADVANCES IN MATERIALS-VLM112,VLM112,X,0.0-0.0-1.0,,,,25,,,,,
812,CASTING-VLM113,VLM113,X,0.0-0.0-1.0,,,,25,,,,,
813,WELDING-VLM114,VLM114,X,0.0-0.0-1.0,,,,25,,,,,
814,FORMING-VLM115,VLM115,X,0.0-0.0-1.0,,,,25,,,,,
815,PROCESSING OF POLYMERS AND COMPOSITES-VLM116,VLM116,X,1.0-0.0-0.0,,,,25,,,,,
816,STATISTICS FOR MANUFACTURING MANAGEMENT-VLM117,VLM117,X,0.5-0.0-1.0,,,,25,,,,,
817,ARTIFICIAL INTELLIGENCE AND MACHINE LEARNING FOR MANUFACTURING MANAGEMENT-VLM118,VLM118,X,1.0-0.0-1.0,,,,25,,,,,
818,EXPERIMENTAL AND COMPUTATIONAL TOOLS FOR MANUFACTURING MANAGEMENT-VLM119,VLM119,X,1.0-0.0-1.0,,,,25,,,,,
819,LEADERSHIP TALKS-VLM120,VLM120,X,0.0-0.0-1.0,,,,25,,,,,
,,,,,,,,,,,,,
,,,,,,,,,,,,,
,,,,,,,,,,,,,
,,,,,,,,,,,,,
,,,,,,,,,,,,,
,,,,,,,,,,,,,
,,,,,,,,,,,,,
,,,,,,,,,,,,,
,,,,,,,,,,,,,
,,,,,,,,,,,,,
,,,,,,,,,,,,,
,,,,,,,,,,,,,
,,,,,,,,,,,,,
,,,,,,,,,,,,,
,,,,,,,,,,,,,
,,,,,,,,,,,,,
,,,,,,,,,,,,,
,,,,,,,,,,,,,
,,,,,,,,,,,,,
,,,,,,,,,,,,,
,,,,,,,,,,,,,
901,INTRO. TO BIOLOGY FOR ENGINEER-SBL100,SBL100,C,3.0-0.0-2.0,TWF 08:00-09:00,,,600,DH,,,,
361,APPLIED ERGONOMICS-DDL123,DDL123,B,1.0-0.0-2.0,MTh 09:30-11:00,,,20,DOD,,,,
362,ELEMENTS OF DESIGN-DDL125,DDL125,A,1.0-0.0-4.0,MTh 08:00-09:30,,,20,DOD,,,,
377,DESIGN OF SUSTAINABLE HABITATS-DDL753,DDL753,M,2.0-0.0-2.0,MTh 17:00-18:30,,,30,DOD,,,,
384,APPLIED ERGONOMICS-DDP722,DDP722,B,1.0-0.0-2.0,MTh 09:30-11:00,,,30,DOD,,,,
270,TRAFFIC ENGINEERING-CVL742,CVL742,B,3.0-0.0-2.0,MTh 09:30-11:00,,,30,II 336,,,,
272,PUBLIC TRANSPORTATION SYSTEMS-CVL746,CVL746,D,3.0-0.0-0.0,TWF 09:00-10:00,,,40,II 336,,,,
442,POWER QUALITY-ELL758,ELL758,E,3.0-0.0-0.0,TWF 10:00-11:00,,,50,II 336,,,,
543,LANGUAGE COMPUTATIONS AND MENTAL ARCHITECTURE-HSL747,HSL747,F,3.0-0.0-0.0,TThF 11:00-12:00,,,30,II 336,,,,
795,SEMINAR COURSE - I-MCQ301,MCQ301,X,0.0-0.0-2.0,,,,30,II 336,,,,
673,POLYMER CHEMISTRY-MLL719,MLL719,A,3.0-0.0-0.0,MTh 08:00-09:30,,,40,II 336,,,,
862,CHARACTERISATION TEC. FOR MAT.-PYL707,PYL707,H,3.0-0.0-0.0,"MW 11:00-12:00 ,Th 12:00-13:00",,,70,II 336,,,,
11,APPLICATIONS OF THEORY OF PLATES AND SHELLS-AML832,AML832,D,2.0-0.0-0.0,TWF 09:00-10:00,,,25,II LT 1,,,,
43,THEORY OF PLATES AND SHELLS-APL831,APL831,D,3.0-0.0-0.0,TWF 09:00-10:00,,,30,II LT 1,,,,
63,INST. & ANA. METH. IN BIOENGG.-BBL737,BBL737,E,2.0-0.0-2.0,TWF 10:00-11:00,,,62,II LT 1,,,,
64,INST. & ANA. METH. IN BIOENGG.-BBL737,BBL737,X,2.0-0.0-2.0,,,,0,II LT 1,,,,
501,FUEL TECHNOLOGY-ESL711,ESL711,B,3.0-0.0-0.0,MTh 09:30-11:00,,,60,II LT 1,,,,
752,THERMAL SC. FOR MANUFACTURING-MCL141,MCL141,D,3.0-1.0-0.0,TWF 09:00-10:00,MTThF 14:00-15:00,,100,II LT 1,,,,
774,DESIGN & OPTIMIZATION-MCL742,MCL742,E,3.0-0.0-2.0,TWF 10:00-11:00,,,60,II LT 1,,,,
955,YARN MANUFACTURE II-TXL222,TXL222,B,3.0-0.0-0.0,MTh 09:30-11:00,,,120,II LT 1,,,,
58,BIOPROCESS ENGINEERING-BBL331,BBL331,B,3.0-0.0-0.0,MTh 09:30-11:00,,,90,II LT 2,,,,
171,"PRINCIPLES OF THERMODYNAMICS,-CLL702",CLL702,A,2.0-0.0-0.0,MTh 08:00-09:30,,,100,II LT 2,,,,
177,EXP. CHA.OF BIOMACROMOLECULES-CLL742,CLL742,AB,3.0-0.0-0.0,MTh 15:30-17:00,,,45,II LT 2,,,,
325,FOUNDATIONS OF AUTOMATIC VERI.-COL750,COL750,AA,3.0-0.0-2.0,MTh 14:00-15:30,,,30,II LT 2,,,,
852,CLASSICAL MECHANICS-PYL551,PYL551,D,3.0-1.0-0.0,TWF 09:00-10:00,MTThF 14:00-15:00,,70,II LT 2,,,,
853,MATHEMATICAL PHYSICS-PYL553,PYL553,E,3.0-1.0-0.0,TWF 10:00-11:00,MTThF 13:00-14:00,,70,II LT 2,,,,
854,QUANTUM MECHANICS I-PYL555,PYL555,F,3.0-1.0-0.0,TThF 11:00-12:00,MTThF 13:00-14:00,,70,II LT 2,,,,
856,ATOMIC AND MOLECULAR PHYSICS-PYL567,PYL567,H,3.0-0.0-0.0,"MW 11:00-12:00 ,Th 12:00-13:00",,,70,II LT 2,,,,
821,HUMAN VALUES AND TECHNOLOGY-VEL700,VEL700,M,2.0-1.0-0.0,MTh 17:00-18:30,,,60,II LT 2,,,,
4,ENGG. MATHEMATICS & MECHANICS-AML701,AML701,F,3.0-0.0-0.0,TThF 11:00-12:00,,,25,II LT 3,,,,
5,APPLIED FLUID DYNAMICS-AML713,AML713,B,3.0-1.0-0.0,MTh 09:30-11:00,,,35,II LT 3,,,,
61,RECOMBINANT DNA TECHNOLOGY-BBL733,BBL733,D,2.0-0.0-3.0,TWF 09:00-10:00,,,90,II LT 3,,,,
172,PROCESS ENGINEERING-CLL703,CLL703,H,3.0-0.0-0.0,"MW 11:00-12:00 ,Th 12:00-13:00",,,120,II LT 3,,,,
710,ORDINARY DIFFERENTIAL EQUATION-MTL504,MTL504,E,3.0-1.0-0.0,TWF 10:00-11:00,MTThF 13:00-14:00,,100,II LT 3,,,,
876,OPTICS AND LASERS-PYL795,PYL795,J,3.0-0.0-0.0,MTF 12:00-13:00,,,70,II LT 3,,,,
892,MATHEMATICAL FOUNDATIONS OF MINDS-AIL701,AIL701,AA,3.0-0.0-0.0,MTh 14:00-15:30,,,40,IIA 101,,,,
53,PRINCIPLES OF BIOCHEMISTRY-BBL131,BBL131,B,3.0-0.0-3.0,MTh 09:30-11:00,,,90,IIA 101,,,,
56,MOLECULAR BIOLOGY & GENETICS-BBL231,BBL231,D,3.0-0.0-3.0,TWF 09:00-10:00,,,90,IIA 101,,,,
57,MOLECULAR BIOLOGY & GENETICS-BBL231,BBL231,X,3.0-0.0-3.0,,,,0,IIA 101,,,,
319,INTRODUCTION TO ETHICAL ISSUES IN COMPUTER SCIENCE-COL707,COL707,AC,3.0-0.0-2.0,TF 14:00-15:30,,,30,IIA 101,,,,
328,APPROXIMATION ALGORITHMS-COL754,COL754,AD,3.0-0.0-0.0,TF 15:30-17:00,,,40,IIA 101,,,,
419,COMPUTER COMMUNICATION-ELL402,ELL402,K,3.0-0.0-0.0,"W 12:00-13:00 ,TF 17:00-18:00",,,65,IIA 101,,,,
432,OPTOELECTRONIC INSTRUMENTATION-ELL728,ELL728,C,3.0-0.0-0.0,TWF 08:00-09:00,,,60,IIA 101,,,,
451,COMPUTER COMMUNICATION NETWORK-ELL785,ELL785,K,3.0-0.0-0.0,"W 12:00-13:00 ,TF 17:00-18:00",,,50,IIA 101,,,,
869,"OPTICAL SOURCES, PHOTOMETRY AN-PYL751",PYL751,H,3.0-0.0-0.0,"MW 11:00-12:00 ,Th 12:00-13:00",,,70,IIA 101,,,,
874,FIBER OPTICS-PYL791,PYL791,E,3.0-0.0-0.0,TWF 10:00-11:00,,,70,IIA 101,,,,
418,POWER ENGINEERING-II-ELL363,ELL363,D,3.0-0.0-0.0,TWF 09:00-10:00,,,70,IIA 201,,,,
425,"ONLINE PREDICTION, OPTIMIZATION, AND LEARNING-ELL709",ELL709,X,3.0-0.0-0.0,,,,30,IIA 201,,,,
895,SPECIAL TOPICS IN MACHINE LEARNING-AIL821,AIL821,H,3.0-0.0-0.0,"MW 11:00-12:00 ,Th 12:00-13:00",,,25,IIA 301,,,,
458,SPECIAL TOPICS IN COMPUTERS-II-ELL881,ELL881,H,3.0-0.0-0.0,"MW 11:00-12:00 ,Th 12:00-13:00",,,100,IIA 301,,,,
894,REINFORCEMENT LEARNING-AIL722,AIL722,D,3.0-0.0-0.0,TWF 09:00-10:00,,,40,IIA 305,,,,
317,ADVANCED DATA STRUCTURES-COL702,COL702,A,3.0-0.0-2.0,MTh 08:00-09:30,,,75,IIA 305,,,,
324,CLOUD COMPUTING TECHNO. FUNDA.-COL733,COL733,AC,3.0-0.0-2.0,TF 14:00-15:30,,,65,IIA 305,,,,
330,INFORMATION RETRIEVAL AND WEB SEARCH-COL764,COL764,AD,3.0-0.0-2.0,TF 15:30-17:00,,,50,IIA 305,,,,
331,INTRO. TO LOGIC & FUNCT. PROG.-COL765,COL765,B,3.0-0.0-2.0,MTh 09:30-11:00,,,60,IIA 305,,,,
332,WIRELESS NETWORKS-COL768,COL768,J,3.0-0.0-2.0,MTF 12:00-13:00,,,30,IIA 305,,,,
334,DIGITAL IMAGE ANALYSIS-COL783,COL783,M,3.0-0.0-3.0,MTh 17:00-18:30,,,50,IIA 305,,,,
335,ADV. TOPICS IN EMBEDDED COMP.-COL788,COL788,C,3.0-0.0-0.0,TWF 08:00-09:00,,,30,IIA 305,,,,
337,SPL. TOPICS IN DATABASE SYST.-COL868,COL868,AB,3.0-0.0-0.0,MTh 15:30-17:00,,,30,IIA 305,,,,
338,SPL. TOPICS IN MACHINE LEARNI.-COL870,COL870,AA,3.0-0.0-0.0,MTh 14:00-15:30,,,30,IIA 305,,,,
260,AIR POLLUTION AND CONTROL-CVL720,CVL720,E,3.0-0.0-0.0,TWF 10:00-11:00,,,35,IIA 305,,,,
453,SELECTED TOPICS IN COMMUNICATI-ELL822,ELL822,X,3.0-0.0-0.0,,,,30,IIA 305,,,,
929,ELECTRICITY SECTOR REFORMS IN THE RENEWABLES ERA-SPL724,SPL724,F,3.0-0.0-0.0,TThF 11:00-12:00,,,30,IIA 305,,,,
932,ADVANCED TOPICS IN POLICY STUDIES-SPL810,SPL810,H,3.0-0.0-0.0,,,,30,IIA 305,,,,
60,BIOPROCESS PLANT DESIGN-BBL732,BBL732,B,3.0-0.0-2.0,MTh 09:30-11:00,,,90,III 336,,,,
180,COMPLEX FLUIDS TECHNOLOGY-CLL777,CLL777,F,3.0-0.0-0.0,TThF 11:00-12:00,,,60,III 336,,,,
209,SEPARATION AND ELECTROANALYTIC-CML731,CML731,D,3.0-0.0-0.0,TWF 09:00-10:00,,,40,III 336,,,,
927,PRINCIPLES OF ECONOMICS FOR PUBLIC POLICY-SPL709,SPL709,E,3.0-0.0-0.0,TWF 10:00-11:00,,,50,III 336,,,,
431,DIGITAL COMMUNICATION & INFORM-ELL727,ELL727,F,3.0-0.0-0.0,TThF 11:00-12:00,,,50,III 339,,,,
500,ENERGY EFFICIENCY-ESL400,ESL400,D,3.0-0.0-0.0,TWF 09:00-10:00,,,45,III 339,,,,
771,ANALYTICAL DYNAMICS-MCL731,MCL731,B,3.0-0.0-0.0,MTh 09:30-11:00,,,60,III 339,,,,
255,SITE INVESTIGATION AND FOUNDAT-CVL701,CVL701,H,3.0-0.0-0.0,"MW 11:00-12:00 ,Th 12:00-13:00",,,40,III 342,,,,
504,"BIOENERGY: RESOURCES, TECHNOLOGIES AND APPLICATIONS-ESL739",ESL739,B,3.0-0.0-0.0,MTh 09:30-11:00,,,60,III 342,,,,
768,ADVANCED HEAT AND MASS TRANSFE-MCL703,MCL703,D,3.0-0.0-0.0,TWF 09:00-10:00,,,50,III 342,,,,
788,EXPERIMENTAL MODAL ANALYSIS AND DYNAMIC DESIGN-MCL840,MCL840,E,2.0-0.0-2.0,TWF 10:00-11:00,,,30,III 342,,,,
722,PROBABILITY THEORY-MTL762,MTL762,AA,3.0-0.0-0.0,MTh 14:00-15:30,,,30,III 342,,,,
964,THEORY OF FABRIC STRUCTURE-TXL731,TXL731,F,3.0-0.0-0.0,TThF 11:00-12:00,,,50,III 342,,,,
967,COLOUR SCIENCE-TXL747,TXL747,A,3.0-0.0-0.0,MTh 08:00-09:30,,,30,III 342,,,,
86,RADIATING SYSTEM FOR RF COMMUNICATION-CRL715,CRL715,H,3.0-0.0-0.0,"MW 11:00-12:00 ,Th 12:00-13:00",,,60,III 360,,,,
256,FINITE ELEMENT METHOD IN GEOTE-CVL704,CVL704,E,3.0-0.0-0.0,TWF 10:00-11:00,,,40,III 360,,,,
261,WATER ENGINEERING-CVL722,CVL722,B,3.0-0.0-0.0,MTh 09:30-11:00,,,35,III 360,,,,
438,QUANTUM ELECTRONICS-ELL745,ELL745,F,3.0-0.0-0.0,TThF 11:00-12:00,,,60,III 360,,,,
680,MATERIALS SIMULATION METHODS USING HIGH PERFORMANCE COMPUTING-MLL760,MLL760,D,2.0-0.0-2.0,TWF 09:00-10:00,,,30,III 360,,,,
830,QUANTUM NONLINEAR PHOTONICS-OPL718,OPL718,J,3.0-0.0-0.0,MTF 12:00-13:00,,,30,III 360,,,,
986,MATHEMATICAL METHODS IN ROAD SAFETY-TRL700,TRL700,AB,3.0-0.0-2.0,MTh 15:30-17:00,,,20,III 360,,,,
374,FRAMEWORK OF DESIGN-DDL710,DDL710,D,2.0-0.0-0.0,TWF 09:00-10:00,,,30,III LT 2,,,,
429,MICROWAVE THEORY AND TECHNIQUE-ELL713,ELL713,B,3.0-0.0-0.0,MTh 09:30-11:00,,,60,III LT 2,,,,
436,COMPACT MODELING OF SEMICONDUC-ELL740,ELL740,AC,3.0-0.0-0.0,TF 14:00-15:30,,,60,III LT 2,,,,
509,SOLAR PHOTOVOLTAIC DEVICES AND SYSTEMS-ESL755,ESL755,E,3.0-0.0-0.0,TWF 10:00-11:00,,,60,III LT 2,,,,
560,INDEPENDENT STUDY IN COGNITIVE SCIENCE-HSS521,HSS521,F,0.0-2.0-0.0,,MTThF 13:00-14:00,,30,III LT 2,,,,
780,SPECIAL TOPICS IN IE-MCL775,MCL775,M,3.0-0.0-0.0,MTh 17:00-18:30,,,55,III LT 2,,,,
125,BIOFABRICATION-BML772,BML772,M,2.0-0.0-2.0,MTh 17:00-18:30,,,60,III LT 3,,,,
426,CODING THEORY-ELL710,ELL710,E,3.0-0.0-0.0,TWF 10:00-11:00,,,100,III LT 3,,,,
766,ADVANCED THERMODYNAMICS-MCL701,MCL701,C,3.0-0.0-0.0,TWF 08:00-09:00,,,50,III LT 3,,,,
786,COMBUSTION-MCL812,MCL812,D,3.0-0.0-0.0,TWF 09:00-10:00,,,30,III LT 3,,,,
846,CLASSICAL MECHANICS & RELATIVITY-PYL127,PYL127,B,3.0-1.0-0.0,MTh 09:30-11:00,,,100,III LT 3,,,,
278,ADVANCED CONCRETE TECHNOLOGY-CVL771,CVL771,F,3.0-0.0-0.0,TThF 11:00-12:00,,,90,IV 254,,,,
441,POWER ELECTRONIC CONVERTERS-ELL751,ELL751,B,3.0-0.0-0.0,MTh 09:30-11:00,,,35,IV 254,,,,
277,STRUCTURAL DYNAMICS-CVL759,CVL759,A,3.0-0.0-0.0,MTh 08:00-09:30,,,60,IV 323,,,,
286,ADVANCED TRANSPORTATION MODELLING-CVL841,CVL841,H,2.0-0.0-2.0,"MW 11:00-12:00 ,Th 12:00-13:00",,,30,IV 323,,,,
772,CAD & FINITE ELEMENT ANALYSIS-MCL735,MCL735,D,3.0-0.0-2.0,TWF 09:00-10:00,,,60,IV 323,,,,
671,THERMODYNAMICS OF MATERIALS-MLL702,MLL702,B,3.0-0.0-0.0,MTh 09:30-11:00,,,40,IV 323,,,,
968,THEORY AND PRACTICE OFDYEING-TXL749,TXL749,F,3.0-0.0-0.0,TThF 11:00-12:00,,,30,IV 323,,,,
208,CHEMINFORMATICS-CML726,CML726,AD,3.0-0.0-0.0,TF 15:30-17:00,,,30,IV 339,,,,
943,OPTICAL COMPONENTS & BASIC IN.-DSL731,DSL731,H,3.0-0.0-0.0,"MW 11:00-12:00 ,Th 12:00-13:00",,,50,IV 339,,,,
459,ADVANCED MACHINE LEARNING-ELL888,ELL888,A,3.0-0.0-0.0,MTh 08:00-09:30,,,100,IV 339,,,,
965,ADVANCED FABRIC MANUFACTURING-TXL732,TXL732,B,3.0-0.0-0.0,MTh 09:30-11:00,,,50,IV 339,,,,
174,POPULATION BALANCE MODELING-CLL707,CLL707,B,3.0-0.0-0.0,MTh 09:30-11:00,,,50,IV LT 1,,,,
259,ENVIRONMENTAL ROCK ENGINEERING-CVL716,CVL716,F,3.0-0.0-0.0,TThF 11:00-12:00,,,30,IV LT 1,,,,
268,PAVEMENT MATERIALS AND DESIGN-CVL740,CVL740,M,3.0-0.0-2.0,MTh 17:00-18:30,,,20,IV LT 1,,,,
536,INTERNATIONAL ECONOMICS-HSL714,HSL714,A,3.0-0.0-0.0,MTh 08:00-09:30,,,30,IV LT 1,,,,
907,ADVANCED CELL BIOLOGY-SBL703,SBL703,H,3.0-0.0-0.0,"MW 11:00-12:00 ,Th 12:00-13:00",,,60,IV LT 1,,,,
960,TECHNOLOGY OF MELT SPUN FIBRES-TXL713,TXL713,E,3.0-1.0-0.0,TWF 10:00-11:00,MTThF 13:00-14:00,,50,IV LT 1,,,,
320,ARCH. OF HIGH PERF. COMPUTERS-COL718,COL718,B,3.0-0.0-2.0,MTh 09:30-11:00,,,30,IV LT 2,,,,
285,HYDROLOGIC APP. OF REMOTE SEN.-CVL839,CVL839,F,2.0-0.0-2.0,TThF 11:00-12:00,,,30,IV LT 2,,,,
773,LUBRICATION-MCL740,MCL740,H,3.0-0.0-0.0,"MW 11:00-12:00 ,Th 12:00-13:00",,,30,IV LT 2,,,,
865,ADVAN. CONDENSED MATTER THEORY-PYL740,PYL740,A,3.0-0.0-0.0,MTh 08:00-09:30,,,70,IV LT 2,,,,
875,PHOTONIC DEVICES-PYL793,PYL793,D,3.0-0.0-0.0,TWF 09:00-10:00,,,70,IV LT 2,,,,
971,ADVANCED TEXTILE PRINTINGTECHNOLOGY-TXL753,TXL753,E,2.0-0.0-0.0,TWF 10:00-11:00,,,30,IV LT 2,,,,
857,NUCLEAR AND PARTICLE PHYSICS-PYL569,PYL569,B,3.0-0.0-0.0,MTh 09:30-11:00,,,70,IV LT 4,,,,
17,ENGINEERING MECHANICS-APL100,APL100,A,3.0-1.0-0.0,MTh 08:00-09:30,MTThF 13:00-14:00,,350,LH 108,,,,
18,ENGINEERING MECHANICS-APL100,APL100,AA,3.0-1.0-0.0,MTh 14:00-15:30,,,350,LH 108,,,,
167,PROCESS DYNAMICS AND CONTROL-CLL261,CLL261,E,3.0-1.0-0.0,TWF 10:00-11:00,MTThF 13:00-14:00,,240,LH 108,,,,
191,INTRODUCTION TO CHEMISTRY-CML101,CML101,AF,3.0-1.0-0.0,TWF 15:30-16:30,,,350,LH 108,,,,
190,INTRODUCTION TO CHEMISTRY-CML101,CML101,C,3.0-1.0-0.0,TWF 08:00-09:00,,,350,LH 108,,,,
312,PRINCIPLES OF ARTIFICIAL INT.-COL333,COL333,F,3.0-0.0-2.0,TThF 11:00-12:00,,,160,LH 108,,,,
405,INTRO. TO ELECTRICAL ENGG.-ELL101,ELL101,AF,3.0-1.0-0.0,TWF 15:30-16:30,,,650,LH 108,,,,
747,KINEMATICS & DY. OF MACHINES-MCL111,MCL111,B,3.0-0.0-2.0,MTh 09:30-11:00,,,200,LH 108,,,,
789,ENGG. VISUALIZATION & COMM.-MCP100,MCP100,P,0.0-0.0-3.0,,,,700,LH 108,,,,
790,PRODUCT REALIZATION THROUGH MANUFACTURING-MCP101,MCP101,P,0.0-0.0-4.0,,,,700,LH 108,,,,
692,CALCULUS-MTL100,MTL100,D,3.0-1.0-0.0,TWF 09:00-10:00,MTThF 14:00-15:00,,1300,LH 108,,,,
697,PROBABILITY & STOCHASTIC PRO.-MTL106,MTL106,D,3.0-1.0-0.0,TWF 09:00-10:00,MTThF 14:00-15:00,,270,LH 108,,,,
699,NUMERICAL METHODS & COMPUTATIONS-MTL107,MTL107,H,3.0-0.0-0.0,"MW 11:00-12:00 ,Th 12:00-13:00",,,300,LH 108,,,,
698,NUMERICAL METHODS & COMPUTATIONS-MTL107,MTL107,K,3.0-0.0-0.0,"W 12:00-13:00 ,TF 17:00-18:00",,,300,LH 108,,,,
716,FINANCIAL MATHEMATICS-MTL732,MTL732,J,3.0-0.0-0.0,MTF 12:00-13:00,,,150,LH 108,,,,
307,INTRO. TO COMPUTER SCIENCE-COL100,COL100,AB,3.0-0.0-2.0,MTh 15:30-17:00,,,800,LH 111,,,,
313,COMPUTER NETWORKS-COL334,COL334,D,3.0-0.0-2.0,TWF 09:00-10:00,,,160,LH 111,,,,
241,ENVIRONMENTAL SCIENCE-CVL100B,CVL100B,C,2.0-0.0-0.0,TWF 08:00-09:00,,,350,LH 111,,,,
407,CIRCUIT THEORY-ELL202,ELL202,A,3.0-1.0-0.0,MTh 08:00-09:30,MTThF 13:00-14:00,,200,LH 111,,,,
757,INTRO TO OPERATIONS RESEARCH-MCL261,MCL261,E,3.0-0.0-0.0,TWF 10:00-11:00,,,200,LH 111,,,,
702,DISCRETE MATHEMATICAL STRUC.-MTL180,MTL180,B,3.0-1.0-0.0,MTh 09:30-11:00,,,230,LH 111,,,,
841,ELECTROMAGNETIC WAVES & QUA.MEC.-PYL101,PYL101,AA,3.0-1.0-0.0,MTh 14:00-15:30,,,700,LH 111,,,,
333,MACHINE LEARNING-COL774,COL774,H,3.0-0.0-2.0,"MW 11:00-12:00 ,Th 12:00-13:00",,,100,LH 114,,,,
411,POWER ELECTRONICS-ELL302,ELL302,B,3.0-0.0-0.0,MTh 09:30-11:00,,,200,LH 114,,,,
413,COMPUTER ARCHITECTURE-ELL305,ELL305,E,3.0-0.0-0.0,TWF 10:00-11:00,,,360,LH 114,,,,
414,COMMUNICATION ENGINEERING-ELL311,ELL311,D,3.0-1.0-0.0,TWF 09:00-10:00,MTThF 14:00-15:00,,160,LH 114,,,,
420,MACHINE INTELLIGENCE & LEARNING-ELL409,ELL409,A,3.0-0.0-2.0,MTh 08:00-09:30,,,100,LH 114,,,,
706,OPERATING SYSTEMS-MTL458,MTL458,F,3.0-0.0-2.0,TThF 11:00-12:00,,,150,LH 114,,,,
314,ANALYSIS & DESIGN OF ALGORITHMS-COL351,COL351,E,3.0-1.0-0.0,TWF 10:00-11:00,MTThF 13:00-14:00,,160,LH 121,,,,
240,ENVIRONMENTAL SCIENCE-CVL100A,CVL100A,C,2.0-0.0-0.0,TWF 08:00-09:00,,,350,LH 121,,,,
20,EXPERIMENTAL METHODS-APL103,APL103,F,3.0-0.0-2.0,TThF 11:00-12:00,,,150,LH 308,,,,
21,SOLID MECHANICS-APL104,APL104,D,3.0-1.0-0.0,TWF 09:00-10:00,MTThF 14:00-15:00,,150,LH 308,,,,
158,TRANSPORT PHENOMENA-CLL110,CLL110,B,3.0-1.0-0.0,MTh 09:30-11:00,,,150,LH 308,,,,
159,TRANSPORT PHENOMENA-CLL110,CLL110,D,3.0-1.0-0.0,TWF 09:00-10:00,MTThF 14:00-15:00,,150,LH 308,,,,
163,INTRODUCTION TO MATERIALS-CLL141,CLL141,A,3.0-0.0-0.0,MTh 08:00-09:30,,,150,LH 308,,,,
242,ELEMENTS OF SURVEYING-CVL111,CVL111,C,3.0-0.0-2.0,TWF 08:00-09:00,,,120,LH 308,,,,
243,ENGINEERING GEOLOGY-CVL121,CVL121,B,3.0-0.0-0.0,MTh 09:30-11:00,,,150,LH 308,,,,
244,CIVIL ENGINEERING MATERIALS-CVL141,CVL141,H,3.0-0.0-0.0,"MW 11:00-12:00 ,Th 12:00-13:00",,,120,LH 308,,,,
434,MOS VLSI DESIGN-ELL734,ELL734,E,3.0-0.0-0.0,TWF 10:00-11:00,,,124,LH 308,,,,
561,MICROECONOMICS-HUL212,HUL212,M,3.0-1.0-0.0,MTh 17:00-18:30,,,150,LH 308,,,,
723,INTRODUCTION TO GAME THEORY-MTL763,MTL763,AC,3.0-0.0-0.0,TF 14:00-15:30,,,150,LH 308,,,,
142,RURAL VALUE CHAIN FOR HOLISTIC DEVELOPMENT-RDL770,RDL770,AA,2.0-0.0-2.0,MTh 14:00-15:30,,,60,LH 308,,,,
329,CRYPTOGRAPHY & COMPUTER SEC.-COL759,COL759,AC,3.0-0.0-0.0,TF 14:00-15:30,,,100,LH 310,,,,
245,RC DESIGN-CVL243,CVL243,F,3.0-0.0-0.0,TThF 11:00-12:00,,,120,LH 310,,,,
246,CONSTRUCTION MANAGEMENT-CVL245,CVL245,H,2.0-0.0-0.0,"MW 11:00-12:00 ,Th 12:00-13:00",,,120,LH 310,,,,
247,ENGINEERING HYDROLOGY-CVL282,CVL282,E,3.0-0.0-2.0,TWF 10:00-11:00,,,120,LH 310,,,,
406,DIGITAL ELECTRONICS-ELL201,ELL201,B,3.0-0.0-3.0,MTh 09:30-11:00,,,250,LH 310,,,,
549,RESEARCH WRITING-HSL800,HSL800,A,3.0-0.0-0.0,MTh 08:00-09:30,,,160,LH 310,,,,
550,RESEARCH WRITING-HSL800,HSL800,M,3.0-0.0-0.0,MTh 17:00-18:30,,,160,LH 310,,,,
746,FLUID MECHANICS-MCL106,MCL106,D,3.0-1.0-0.0,TWF 09:00-10:00,MTThF 14:00-15:00,,150,LH 310,,,,
751,ENGINEERING THERMODYNAMICS-MCL140,MCL140,C,3.0-1.0-0.0,TWF 08:00-09:00,,,200,LH 310,,,,
601,NEW VENTURE CREATION-MSL305,MSL305,K,2.0-0.0-2.0,"W 12:00-13:00 ,TF 17:00-18:00",,,80,LH 310,,,,
139,RURAL ENERGY ASSESSMENT AND PLANNING-RDL728,RDL728,J,3.0-0.0-0.0,MTF 12:00-13:00,,,30,LH 310,,,,
40,DECISION THEORY & DESIGN OPTIMIZATION-APL771,APL771,H,3.0-0.0-0.0,"MW 11:00-12:00 ,Th 12:00-13:00",,,50,LH 313.1,,,,
41,DESIGN METHODS-APL775,APL775,J,3.0-0.0-0.0,MTF 12:00-13:00,,,60,LH 313.1,,,,
160,MATERIAL AND ENERGY BALANCE-CLL111,CLL111,F,2.0-2.0-0.0,TThF 11:00-12:00,MTThF 13:00-14:00,,135,LH 313.1,,,,
195,STEREOCHEM. & ORG. REAC. MECH.-CML512,CML512,F,3.0-0.0-0.0,TThF 11:00-12:00,,,72,LH 313.1,,,,
422,MATHEMATICAL METHODS IN CONTRO-ELL701,ELL701,M,3.0-0.0-0.0,MTh 17:00-18:30,,,40,LH 313.1,,,,
27,BASICS OF COMPUTER AIDED DESIGN-APL205,APL205,H,2.0-0.0-0.0,"MW 11:00-12:00 ,Th 12:00-13:00",,,60,LH 313.2,,,,
28,HEAT TRANSFER-APL207,APL207,F,2.0-0.0-0.0,TThF 11:00-12:00,,,60,LH 313.2,,,,
96,THE EARTH`S ATMOSPHERE: PHYSICAL PRINCIPLES-ASL360,ASL360,M,3.0-0.0-0.0,MTh 17:00-18:30,,,50,LH 313.2,,,,
309,DISCRETE MATHEMATICAL STRUCTUR-COL202,COL202,B,3.0-1.0-0.0,MTh 09:30-11:00,,,160,LH 313.2,,,,
378,DESIGN FOR USABILITY-DDL782,DDL782,AB,2.0-0.0-2.0,MTh 15:30-17:00,,,40,LH 313.2,,,,
520,MICROECONOMICS I-HSL511,HSL511,AA,3.0-1.0-0.0,MTh 14:00-15:30,,,60,LH 313.2,,,,
778,OPERATIONS RESEARCH-MCL765,MCL765,J,3.0-0.0-0.0,MTF 12:00-13:00,,,100,LH 313.2,,,,
141,VALUE CHAIN IN AGRO-FOOD PROCESSING-RDL761,RDL761,K,2.0-0.0-2.0,"W 12:00-13:00 ,TF 17:00-18:00",,,40,LH 313.2,,,,
930,QUALITATIVE RESEARCH METHODS FOR PUBLIC POLICY-SPL750,SPL750,AC,3.0-0.0-0.0,TF 14:00-15:30,,,50,LH 313.2,,,,
6,SOLID MECHANICS-AML732,AML732,H,3.0-0.0-0.0,"MW 11:00-12:00 ,Th 12:00-13:00",,,25,LH 313.3,,,,
196,PHOTOCHEM. & PERICYCLIC REACT.-CML513,CML513,C,3.0-0.0-0.0,TWF 08:00-09:00,,,72,LH 313.3,,,,
199,MOLECULAR BIOCHEMISTRY-CML631,CML631,F,3.0-0.0-0.0,TThF 11:00-12:00,,,70,LH 313.3,,,,
408,ELECTROMECHANICS-ELL203,ELL203,E,3.0-1.0-0.0,TWF 10:00-11:00,MTThF 13:00-14:00,,200,LH 313.3,,,,
506,ECO.& FIN.OF RENEWABLE ENERGY SYSTEMS-ESL742,ESL742,AD,3.0-0.0-0.0,TF 15:30-17:00,,,60,LH 313.3,,,,
522,PROBABILITY AND STATISTICS FOR ECONOMICS-HSL513,HSL513,AB,3.0-0.0-2.0,MTh 15:30-17:00,,,60,LH 313.3,,,,
537,POLITICAL ECONOMY OF DEVELOPMENT-HSL718,HSL718,M,3.0-0.0-0.0,MTh 17:00-18:30,,,30,LH 313.3,,,,
572,POSITIVE PSYCHOLOGY-HUL267,HUL267,A,3.0-1.0-0.0,MTh 08:00-09:30,MTThF 13:00-14:00,,150,LH 313.3,,,,
777,PROBABILITY AND STATISTICS-MCL761,MCL761,E,3.0-0.0-0.0,TWF 10:00-11:00,,,52,LH 313.3,,,,
713,FUNCTIONAL ANALYSIS-MTL602,MTL602,B,3.0-1.0-0.0,MTh 09:30-11:00,,,100,LH 313.3,,,,
844,OPTICS AND PHOTONICS - I-PYL123,PYL123,D,3.0-1.0-0.0,TWF 09:00-10:00,MTThF 14:00-15:00,,100,LH 313.3,,,,
97,CLIMATE OF THE PAST: LESSONS FOR THE FUTURE-ASL375,ASL375,F,3.0-0.0-0.0,TThF 11:00-12:00,,,50,LH 313.4,,,,
205,PHYSICAL ORGANIC CHEMISTRY-CML696,CML696,M,3.0-0.0-0.0,MTh 17:00-18:30,,,30,LH 313.4,,,,
327,COMPLEXITY THEORY-COL753,COL753,AB,3.0-0.0-0.0,MTh 15:30-17:00,,,30,LH 313.4,,,,
267,ECONOMIC ASPECTS OF WA. RE. DE-CVL738,CVL738,J,3.0-0.0-0.0,MTF 12:00-13:00,,,30,LH 313.4,,,,
497,CONTROL SYSTEMS AND AUTOMATION-ESL370,ESL370,H,3.0-0.0-0.0,"MW 11:00-12:00 ,Th 12:00-13:00",,,60,LH 313.4,,,,
502,ELECTRICAL ENERGY MANAGEMENT-ESL715,ESL715,AA,3.0-0.0-0.0,MTh 14:00-15:30,,,60,LH 313.4,,,,
562,MACRO ECONOMICS-HUL213,HUL213,A,3.0-1.0-0.0,MTh 08:00-09:30,MTThF 13:00-14:00,,150,LH 313.4,,,,
588,PHILOSOPHY OF  SCIENCE -HUL753,HUL753,AC,3.0-0.0-0.0,TF 14:00-15:30,,,30,LH 313.4,,,,
871,BASIC OPTICS AND OPTICAL INSTR-PYL755,PYL755,K,3.0-0.0-0.0,"W 12:00-13:00 ,TF 17:00-18:00",,,70,LH 313.4,,,,
935,SPECIAL MODULE IN POLICY STUDIES-SPV799,SPV799,AD,1.0-0.0-0.0,TF 15:30-17:00,,,20,LH 313.4,,,,
845,SOLID STATE PHYSICS - I-PYL125,PYL125,F,3.0-1.0-0.0,TThF 11:00-12:00,MTThF 13:00-14:00,,100,LH 313.5,,,,
23,MECHANICS OF FLUIDS-APL107,APL107,D,3.0-1.0-2.0,TWF 09:00-10:00,MTThF 14:00-15:00,,150,LH 316,,,,
161,NUMERICAL METHODS IN CHEMICAL-CLL113,CLL113,E,3.0-0.0-2.0,TWF 10:00-11:00,,,160,LH 316,,,,
567,LANGUAGE AND COMMUNICATION-HUL243,HUL243,A,3.0-1.0-0.0,MTh 08:00-09:30,MTThF 13:00-14:00,,150,LH 316,,,,
568,LANGUAGE AND COMMUNICATION-HUL243,HUL243,M,3.0-1.0-0.0,MTh 17:00-18:30,,,150,LH 316,,,,
776,SUPPLY CHAIN MANAGEMENT-MCL756,MCL756,K,3.0-0.0-0.0,"W 12:00-13:00 ,TF 17:00-18:00",,,80,LH 316,,,,
696,ALGEBRA-MTL105,MTL105,H,3.0-0.0-0.0,"MW 11:00-12:00 ,Th 12:00-13:00",,,150,LH 316,,,,
703,ANALYSIS & DESIGN OF ALGORITHMS-MTL342,MTL342,F,3.0-1.0-0.0,TThF 11:00-12:00,MTThF 13:00-14:00,,150,LH 316,,,,
705,FUNCTIONAL ANALYSIS-MTL411,MTL411,C,3.0-0.0-0.0,TWF 08:00-09:00,,,125,LH 316,,,,
707,ALGEBRA-MTL501,MTL501,AB,3.0-1.0-0.0,MTh 15:30-17:00,,,100,LH 316,,,,
708,LINEAR ALGEBRA-MTL502,MTL502,AA,3.0-1.0-0.0,MTh 14:00-15:30,,,100,LH 316,,,,
715,COMP. METHODS FOR DIFFER. EQU.-MTL712,MTL712,B,3.0-0.0-2.0,MTh 09:30-11:00,,,200,LH 316,,,,
970,DESIGN OF FUNCTIONAL CLOTHING-TXL752,TXL752,J,3.0-0.0-0.0,MTF 12:00-13:00,,,50,LH 316,,,,
55,MASS & ENERGY BALANCES IN BIO.-BBL133,BBL133,H,3.0-0.0-0.0,"MW 11:00-12:00 ,Th 12:00-13:00",,,90,LH 318,,,,
59,BIOSEPARATION ENGINEERING-BBL731,BBL731,C,3.0-0.0-3.0,TWF 08:00-09:00,,,90,LH 318,,,,
563,AN INTRODUCTION TO LITERATURE-HUL231,HUL231,A,3.0-1.0-0.0,MTh 08:00-09:30,MTThF 13:00-14:00,,150,LH 318,,,,
569,MORAL LITERACY AND MORAL CHOICES-HUL253,HUL253,M,3.0-1.0-0.0,MTh 17:00-18:30,,,150,LH 318,,,,
745,SOLID MECHANICS-MCL104,MCL104,F,3.0-1.0-0.0,TThF 11:00-12:00,MTThF 13:00-14:00,,200,LH 318,,,,
860,PHYSICS OF SEMICONDUCTOR DEVICES-PYL702,PYL702,E,3.0-0.0-0.0,TWF 10:00-11:00,,,100,LH 318,,,,
754,DESIGN OF MACHINES-MCL211,MCL211,C,3.0-0.0-2.0,TWF 08:00-09:00,,,200,LH 325,,,,
764,CAM AND AUTOMATION-MCL431,MCL431,D,2.0-0.0-2.0,TWF 09:00-10:00,,,200,LH 325,,,,
765,CAM AND AUTOMATION-MCL431,MCL431,X,2.0-0.0-2.0,,,,0,LH 325,,,,
661,INTRODUCTION TO MATERIALS SCIENCE AND ENGINEERING-MLL100,MLL100,E,3.0-0.0-2.0,TWF 10:00-11:00,,,600,LH 325,,,,
842,PRINCIPLES OF ELECT. MATERIALS-PYL102,PYL102,H,3.0-0.0-0.0,"MW 11:00-12:00 ,Th 12:00-13:00",,,300,LH 325,,,,
22,FLUID MECHANICS-APL106,APL106,F,3.0-1.0-0.0,TThF 11:00-12:00,MTThF 13:00-14:00,,60,LH 408,,,,
193,CHEMISTRY OF INTERFACES-CML103,CML103,H,3.0-0.0-0.0,"MW 11:00-12:00 ,Th 12:00-13:00",,,150,LH 408,,,,
310,DIGITAL LOGIC & SYSTEM DESIGN-COL215,COL215,E,3.0-0.0-4.0,TWF 10:00-11:00,,,160,LH 408,,,,
571,INTRODUCTION TO PSYCHOLOGY-HUL261,HUL261,M,3.0-1.0-0.0,MTh 17:00-18:30,,,150,LH 408,,,,
134,BIOMAS PRODUCTION-RDL700,RDL700,C,3.0-0.0-0.0,TWF 08:00-09:00,,,80,LH 408,,,,
822,SPECIAL MODULE ON INNER DEVELOPMENT-II-VEV732,VEV732,K,1.0-0.0-0.0,"W 12:00-13:00 ,TF 17:00-18:00",,,125,LH 408,,,,
25,MECHANICS OF SOLIDS-APL108,APL108,F,3.0-1.0-2.0,TThF 11:00-12:00,MTThF 13:00-14:00,,150,LH 410,,,,
164,CHEMICAL REACTION ENGG - II-CLL222,CLL222,B,3.0-0.0-0.0,MTh 09:30-11:00,,,165,LH 410,,,,
570,CRITICAL THINKING-HUL256,HUL256,A,3.0-1.0-0.0,MTh 08:00-09:30,MTThF 13:00-14:00,,150,LH 410,,,,
576,ENVIRONMENT; DEVELOPMENT AND SOCIETY-HUL275,HUL275,M,3.0-1.0-0.0,MTh 17:00-18:30,,,150,LH 410,,,,
726,THEORY OF COMPUTATION-MTL783,MTL783,D,3.0-0.0-0.0,TWF 09:00-10:00,,,140,LH 410,,,,
843,MATHEMATICAL PHYSICS - I-PYL121,PYL121,E,3.0-1.0-0.0,TWF 10:00-11:00,MTThF 13:00-14:00,,100,LH 410,,,,
460,COMPUTATIONAL NEUROSCIENCE-ELL890,ELL890,X,3.0-0.0-0.0,,,,55,LH 413.1,,,,
709,REAL ANALYSIS-MTL503,MTL503,C,3.0-1.0-0.0,TWF 08:00-09:00,,,100,LH 413.1,,,,
593,LANGUAGE & WRITING SKILL-NLN100,NLN100,X,0.0-0.0-2.0,,,,800,LH 413.1,,,,
102,DYNAMICS OF THE ATMOSPHERE-ASL734,ASL734,C,3.0-0.0-0.0,TWF 08:00-09:00,,,32,LH 413.2,,,,
531,THEORY AND METHOD IN THE HUMANITIES AND SOCIAL SCIENCES-HSL582,HSL582,AA,3.0-0.0-0.0,MTh 14:00-15:30,,,30,LH 413.2,,,,
533,CINEMAS OF INDIA-HSL678,HSL678,M,3.0-0.0-0.0,MTh 17:00-18:30,,,30,LH 413.2,,,,
769,APPLIED MATHEMATICS FOR THERMO-MCL704,MCL704,J,3.0-0.0-0.0,MTF 12:00-13:00,,,50,LH 413.2,,,,
988,TRANSPORT AND HEALTH-TRL702,TRL702,H,3.0-0.0-0.0,"MW 11:00-12:00 ,Th 12:00-13:00",,,30,LH 413.2,,,,
35,EXPERIMENTAL METHODS FOR SOLIDS AND FLUIDS-APL702,APL702,E,2.0-0.0-2.0,TWF 10:00-11:00,,,60,LH 413.3,,,,
444,ADVANCED POWER SYSTEM PROTECTI-ELL771,ELL771,C,3.0-0.0-0.0,MTh 15:30-17:00,,,35,LH 413.3,,,,
470,IEC LABORATORY-I-ELP831,ELP831,P,0.0-0.0-6.0,,,,50,LH 413.3,,,,
69,APPLIED MATHEMATICS FOR BIOCHEMICAL ENGINEERING-BBL773,BBL773,C,3.0-0.0-0.0,TWF 08:00-09:00,,,30,LH 413.4,,,,
507,HYDROGEN ENERGY-ESL746,ESL746,M,3.0-0.0-0.0,MTh 17:00-18:30,,,60,LH 413.4,,,,
54,GENERAL MICROBIOLOGY-BBL132,BBL132,F,3.0-0.0-3.0,TThF 11:00-12:00,,,90,LH 416,,,,
250,STRUCTURAL ANALYSIS II-CVL341,CVL341,B,3.0-0.0-0.0,MTh 09:30-11:00,,,120,LH 416,,,,
450,INTRODUCTION TO MACHINE LEARNI-ELL784,ELL784,J,3.0-0.0-0.0,MTF 12:00-13:00,,,70,LH 416,,,,
573,INTRODUCTION TO SOCIOLOGY-HUL271,HUL271,A,3.0-1.0-0.0,MTh 08:00-09:30,MTThF 13:00-14:00,,150,LH 416,,,,
577,ECONOMETRIC METHODS-HUL315,HUL315,M,3.0-0.0-0.0,MTh 17:00-18:30,,,150,LH 416,,,,
954,MANUFACTURED FIBRE TECHNOLOGY-TXL212,TXL212,E,3.0-0.0-0.0,TWF 10:00-11:00,,,120,LH 416,,,,
265,GROUNDWATER HYDROLOGY-CVL732,CVL732,E,3.0-0.0-0.0,TWF 10:00-11:00,,,30,LH 418,,,,
410,PHYSICAL ELECTRONICS-ELL211,ELL211,B,3.0-0.0-0.0,MTh 09:30-11:00,,,100,LH 418,,,,
578,INDIAN ECONOMIC PROBLEMS AND POLICIES-HUL316,HUL316,A,3.0-0.0-0.0,MTh 08:00-09:30,,,150,LH 418,,,,
581,BUDDHISM ACROSS TIME AND PLACE-HUL356,HUL356,M,3.0-0.0-0.0,MTh 17:00-18:30,,,150,LH 418,,,,
29,BASICS OF PRODUCT DE-APL302,APL302,B,3.0-0.0-2.0,MTh 09:30-11:00,,,60,LH 421,,,,
31,BIOMECHANICS-APL380,APL380,C,3.0-0.0-0.0,TWF 08:00-09:00,,,60,LH 421,,,,
95,INTRODUCTION TOOCEANOGRAPHY-ASL350,ASL350,F,3.0-0.0-0.0,TThF 11:00-12:00,,,50,LH 421,,,,
65,OPTICS WITHIN LIFE SICENCES-BBL754,BBL754,AB,3.0-0.0-0.0,MTh 15:30-17:00,,,30,LH 421,,,,
203,PHYSICAL METHODS IN INORGANIC CHEMISTRY-CML681,CML681,K,3.0-0.0-0.0,"W 12:00-13:00 ,TF 17:00-18:00",,,55,LH 421,,,,
415,ANTENNAS AND PROPAGATION-ELL313,ELL313,E,3.0-0.0-0.0,TWF 10:00-11:00,,,60,LH 421,,,,
455,CMOS RF IC DESIGN-ELL833,ELL833,AD,3.0-0.0-0.0,TF 15:30-17:00,,,60,LH 421,,,,
489,SEMICONDUCTORS FOR ENERGY SYSTEMS-ESL220,ESL220,H,3.0-0.0-0.0,"MW 11:00-12:00 ,Th 12:00-13:00",,,60,LH 421,,,,
490,NETWORK ANALYSIS-ESL260,ESL260,D,2.0-1.0-0.0,TWF 09:00-10:00,MTThF 14:00-15:00,,60,LH 421,,,,
496,ENERGY STORAGE-ESL341,ESL341,A,3.0-0.0-0.0,MTh 08:00-09:30,,,45,LH 421,,,,
584,POLITICAL ECOLOGY OF WATER-HUL376,HUL376,M,3.0-0.0-0.0,MTh 17:00-18:30,,,60,LH 421,,,,
909,TECHNIQUES IN BIOMOLECULAR INTERACTIONS-SBL721,SBL721,J,3.0-0.0-0.0,MTF 12:00-13:00,,,50,LH 421,,,,
210,CHEMISTRY OF INDUSTRIAL CATALY-CML733,CML733,J,3.0-0.0-0.0,MTF 12:00-13:00,,,45,LH 422,,,,
248,INDUSTRIAL WASTE MANAGEMENT-CVL311,CVL311,F,3.0-0.0-0.0,TThF 11:00-12:00,,,60,LH 422,,,,
276,SOLID MECHANICS IN STRUCTURAL-CVL758,CVL758,D,3.0-0.0-0.0,TWF 09:00-10:00,,,60,LH 422,,,,
376,FORM AND AESTHETICS-DDL751,DDL751,AB,2.0-0.0-2.0,MTh 15:30-17:00,,,40,LH 422,,,,
488,ENERGY RESOURCES AND UTILIZATION-ESL100,ESL100,E,3.0-1.0-0.0,TWF 10:00-11:00,MTThF 13:00-14:00,,60,LH 422,,,,
498,INTELLIGENT TECHNIQUES FOR ENERGY SYSTEM ANALYSIS-ESL372,ESL372,C,3.0-0.0-0.0,TWF 08:00-09:00,,,45,LH 422,,,,
499,ENERGY ECONOMICS-ESL390,ESL390,B,3.0-0.0-0.0,MTh 09:30-11:00,,,45,LH 422,,,,
663,MATERIALS AND SUSTAINABLE DEVELOPMENT-MLL181,MLL181,H,3.0-0.0-0.0,"MW 11:00-12:00 ,Th 12:00-13:00",,,60,LH 422,,,,
720,ADVANCED MATRIX THEORY-MTL745,MTL745,AD,3.0-0.0-0.0,TF 15:30-17:00,,,30,LH 422,,,,
849,SUPERCONDUCTIVITY & APPLICAT.-PYL304,PYL304,K,3.0-0.0-0.0,"W 12:00-13:00 ,TF 17:00-18:00",,,70,LH 422,,,,
135,RURAL RESOURCES AND LIVEIHODS-RDL705,RDL705,M,3.0-0.0-0.0,MTh 17:00-18:30,,,50,LH 422,,,,
143,NANOTECHNOLOGY FOR SAFE AND SUSTAINABLE AGRICULTURE-RDL771,RDL771,AC,3.0-0.0-0.0,TF 14:00-15:30,,,60,LH 422,,,,
165,MASS TRANSFER I-CLL252,CLL252,F,3.0-0.0-0.0,TThF 11:00-12:00,,,150,LH 510,,,,
169,FLUID PARTICLE MECHANICS-CLL331,CLL331,D,3.0-1.0-0.0,TWF 09:00-10:00,MTThF 14:00-15:00,,160,LH 510,,,,
941,SENSORS AND TRANSDUCERS-DSL711,DSL711,E,3.0-0.0-0.0,TWF 10:00-11:00,,,100,LH 510,,,,
417,MULTIVARIABLE CONTROL-ELL333,ELL333,B,3.0-0.0-0.0,MTh 09:30-11:00,,,90,LH 510,,,,
564,INDIAN FICTION IN ENGLISH-HUL239,HUL239,M,3.0-1.0-0.0,MTh 17:00-18:30,,,150,LH 510,,,,
579,FROM TEXT TO FILM-HUL334,HUL334,A,3.0-0.0-0.0,MTh 08:00-09:30,,,150,LH 510,,,,
600,MANAGING OPERATIONS-MSL304,MSL304,M,3.0-0.0-0.0,MTh 17:00-18:30,,,80,LH 510,,,,
168,INTRO TO INDUSTRIAL BIOTECH.-CLL271,CLL271,D,3.0-0.0-0.0,TWF 09:00-10:00,,,150,LH 512,,,,
198,INSTRUMENTAL METHODS OF ANALYS-CML515,CML515,E,3.0-0.0-0.0,TWF 10:00-11:00,,,72,LH 512,,,,
748,METROLOGY & QUALITY ASSURANCE-MCL134,MCL134,B,3.0-0.0-1.0,MTh 09:30-11:00,,,100,LH 512,,,,
758,STOCHASTIC MODELLING & SIMULA.-MCL262,MCL262,A,3.0-0.0-0.0,MTh 08:00-09:30,,,80,LH 512,,,,
19,APPLIED MATHEMATICS FOR ENGINEERS-APL101,APL101,B,3.0-0.0-0.0,MTh 09:30-11:00,,,60,LH 517,,,,
33,MULTI-SCALE MODELING AND COMPUTATION-APL410,APL410,D,3.0-0.0-0.0,TWF 09:00-10:00,,,60,LH 517,,,,
34,CONTINUUM MECHANICS-APL701,APL701,C,3.0-0.0-0.0,TWF 08:00-09:00,,,60,LH 517,,,,
98,FUNDAMENTALS OF AIR POLLUTION SCIENCE-ASL385,ASL385,M,3.0-0.0-0.0,MTh 17:00-18:30,,,65,LH 517,,,,
166,MASS TRANSFER I-CLL252B,CLL252B,F,3.0-0.0-0.0,TThF 11:00-12:00,,,150,LH 517,,,,
192,CHEMICAL SYNT. OF FUNC. METER.-CML102,CML102,H,3.0-0.0-0.0,"MW 11:00-12:00 ,Th 12:00-13:00",,,150,LH 517,,,,
202,PH. METHODS OF STRUCTURALDET. OF ORGANIC COMPOUNDS-CML674,CML674,E,3.0-0.0-0.0,TWF 10:00-11:00,,,70,LH 517,,,,
494,SELF-ORGANIZING DYNAMICAL SYSTEMS-ESL300,ESL300,J,3.0-0.0-0.0,MTF 12:00-13:00,,,60,LH 517,,,,
523,ISSUES IN DEVELOPMENT-HSL514,HSL514,AD,3.0-0.0-0.0,TF 15:30-17:00,,,60,LH 517,,,,
666,MECHANICAL BEHAVIOUR OF MATERIALS-MLL251,MLL251,A,3.0-1.0-0.0,MTh 08:00-09:30,MTThF 13:00-14:00,,45,LH 517,,,,
138,CONSERVATION AND RECYCLING PRACTICES IN RURAL AREAS-RDL727,RDL727,AA,3.0-0.0-2.0,MTh 14:00-15:30,,,30,LH 517,,,,
120,INTRODUCTION TO HEALTHCARE ENGINEERING-BML300,BML300,B,2.0-0.0-2.0,MTh 09:30-11:00,,,60,LH 518,,,,
200,SOLID STATE CHEMISTRY-CML661,CML661,H,3.0-0.0-0.0,"MW 11:00-12:00 ,Th 12:00-13:00",,,30,LH 518,,,,
201,GROUP THEORY & SPECTROSCOPY-CML664,CML664,D,3.0-0.0-0.0,TWF 09:00-10:00,,,30,LH 518,,,,
336,ADVANCED COMPUTER VISION-COL828,COL828,AB,3.0-0.0-2.0,MTh 15:30-17:00,,,30,LH 518,,,,
251,GROUND ENGINEERING-CVL421,CVL421,F,3.0-0.0-0.0,TThF 11:00-12:00,,,40,LH 518,,,,
365,CAD AND DIGITAL PROTOTYPING-DDL213,DDL213,AC,1.0-0.0-4.0,TF 14:00-15:30,,,20,LH 518,,,,
495,"ENERGY, ECOLOGY AND ENVIRONMENT-ESL330",ESL330,E,3.0-1.0-0.0,TWF 10:00-11:00,MTThF 13:00-14:00,,60,LH 518,,,,
513,BASIC ELECTRICAL ENGG.-ESN712,ESN712,K2,1.0-0.0-0.0,"W 12:00-13:00 ,TF 17:00-18:00",,,60,LH 518,,,,
525,INTRODUCTION TO COGNITIVE SCIENCE-HSL521,HSL521,AA,3.0-0.0-2.0,MTh 14:00-15:30,,,30,LH 518,,,,
558,WORKSHOP ON SCIENTIFIC WRITING-HSP700,HSP700,M,0.0-2.0-0.0,,,,30,LH 518,,,,
580,SELECTED TOPICS IN LITERATURE-HUL340,HUL340,A,3.0-0.0-0.0,MTh 08:00-09:30,,,60,LH 518,,,,
668,PRINCIPLES OF METAL EXTRACTION-MLL262,MLL262,C,3.0-1.0-0.0,TWF 08:00-09:00,,,60,LH 518,,,,
721,ADVANCED ALGORITHMS-MTL760,MTL760,AD,3.0-0.0-0.0,TF 15:30-17:00,,,30,LH 518,,,,
851,ADVANCED COMPUTATIONAL PHYSICS-PYL435,PYL435,J,2.0-1.0-0.0,MTF 12:00-13:00,,,70,LH 518,,,,
204,BIO-INORGANIC CHEMISTRY-CML684,CML684,B,3.0-0.0-0.0,MTh 09:30-11:00,,,60,LH 519,,,,
211,ORGANO AND ORGANOMETALLIC CATA-CML741,CML741,A,3.0-0.0-0.0,MTh 08:00-09:30,,,70,LH 519,,,,
252,STRUCTURAL DESIGN-CVL441,CVL441,H,3.0-0.0-0.0,"MW 11:00-12:00 ,Th 12:00-13:00",,,60,LH 519,,,,
279,CONSTRUCTION PROJECT MANAGEMEN-CVL772,CVL772,D,3.0-0.0-0.0,TWF 09:00-10:00,,,80,LH 519,,,,
280,QUANTITATIVE METHODS IN CONSTR-CVL773,CVL773,C,3.0-0.0-0.0,TWF 08:00-09:00,,,80,LH 519,,,,
510,WIND & SMALL HYDRO ENERGY SYSTEMS-ESL768,ESL768,AB,3.0-0.0-0.0,MTh 15:30-17:00,,,60,LH 519,,,,
534,FOUNDATIONS IN THE DIGITAL HUMANITIES-HSL686,HSL686,AD,3.0-0.0-0.0,TF 15:30-17:00,,,30,LH 519,,,,
582,SELECTED TOPICS IN PHILOSOPHY-HUL360,HUL360,M,3.0-0.0-0.0,MTh 17:00-18:30,,,30,LH 519,,,,
759,VIBRATION ENGINEERING-MCL316,MCL316,F,3.0-0.0-2.0,TThF 11:00-12:00,,,70,LH 519,,,,
762,GAS DYNAMICS AND PROPULSION-MCL341,MCL341,K,3.0-0.0-2.0,"W 12:00-13:00 ,TF 17:00-18:00",,,50,LH 519,,,,
770,ACTIVE NOISE CONTROL-MCL713,MCL713,J,3.0-0.0-0.0,MTF 12:00-13:00,,,60,LH 519,,,,
701,REAL AND COMPLEX ANALYSIS-MTL122,MTL122,E,3.0-1.0-0.0,TWF 10:00-11:00,MTThF 13:00-14:00,,100,LH 519,,,,
140,TECHNOLOGY OF UTILIZATION OF WASTELANDS & WEEDS-RDL740,RDL740,AA,3.0-0.0-0.0,MTh 14:00-15:30,,,30,LH 519,,,,
66,PLASMID BIOLOGY-BBL756,BBL756,AA,3.0-0.0-0.0,MTh 14:00-15:30,,,30,LH 520,,,,
363,MATERIALS AND PROTOTYPING-DDL211,DDL211,F,1.0-0.0-4.0,TThF 11:00-12:00,,,20,LH 520,,,,
366,ENGINEERING FOR DESIGNERS-DDL214,DDL214,B,1.0-0.0-2.0,MTh 09:30-11:00,,,20,LH 520,,,,
370,DESIGN FOR DEVELOPING NATIONS-DDL312,DDL312,H,1.0-0.0-4.0,"MW 11:00-12:00 ,Th 12:00-13:00",,,20,LH 520,,,,
512,BASIC THERMAL ENGG.-ESN704,ESN704,K1,1.0-0.0-0.0,"W 12:00-13:00 ,TF 17:00-18:00",,,60,LH 520,,,,
528,LANGUAGE IN THE MIND-HSL541,HSL541,AB,3.0-1.0-0.0,MTh 15:30-17:00,,,30,LH 520,,,,
530,COGNITIVE NEUROSCIENCE-HSL561,HSL561,AD,3.0-0.0-2.0,TF 15:30-17:00,,,30,LH 520,,,,
583,BIOLOGICAL PSYCHOLOGY-HUL366,HUL366,A,3.0-0.0-0.0,MTh 08:00-09:30,,,90,LH 520,,,,
761,POWER TRAIN DESIGN-MCL322,MCL322,E,3.0-0.0-0.0,TWF 10:00-11:00,,,60,LH 520,,,,
858,PLASMA PHYSICS-PYL657,PYL657,C,3.0-0.0-0.0,TWF 08:00-09:00,,,70,LH 520,,,,
934,SPECIAL MODULE ON PUBLIC POLICY IN TRANSPORT AND INFRASTRUCTURE-SPV798,SPV798,D,1.0-0.0-0.0,TWF 09:00-10:00,,,30,LH 520,,,,
10,WARSHIP DESIGN-AML794,AML794,K,3.0-0.0-0.0,"W 12:00-13:00 ,TF 17:00-18:00",,,30,LH 521,,,,
26,DYNAMICS OF MECHANICAL SYSTEMS-APL203,APL203,E,3.0-1.0-0.0,TWF 10:00-11:00,MTThF 13:00-14:00,,60,LH 521,,,,
170,MODELLING OF TRANSPORT PROCESS-CLL701,CLL701,C,2.0-0.0-0.0,TWF 08:00-09:00,,,100,LH 521,,,,
322,RAPID MIXING IN MARKOV CHAINS-COL727,COL727,AD,3.0-0.0-0.0,TF 15:30-17:00,,,30,LH 521,,,,
290,QUALITY AND SAFETY IN CONSTRUC-CVL874,CVL874,M,3.0-0.0-0.0,MTh 17:00-18:30,,,40,LH 521,,,,
435,ANALOG INTEGRATED CIRCUITS-ELL735,ELL735,D,3.0-0.0-0.0,TWF 09:00-10:00,,,85,LH 521,,,,
503,ENERGY AND ENVIRONMENT-ESL727,ESL727,J,3.0-0.0-0.0,MTF 12:00-13:00,,,60,LH 521,,,,
524,MATHEMATICAL ECONOMICS-HSL516,HSL516,AC,3.0-1.0-0.0,TF 14:00-15:30,,,60,LH 521,,,,
587,TIME SERIES ECONOMETRICS AND FORECASTING-HUL715,HUL715,AB,3.0-0.0-0.0,MTh 15:30-17:00,,,35,LH 521,,,,
662,INTRODUCTION TO THE THERMODYNAMICS OF MATERIALS-MLL103,MLL103,F,3.0-1.0-0.0,TThF 11:00-12:00,MTThF 13:00-14:00,,45,LH 521,,,,
847,ELECTRODYNAMICS-PYL205,PYL205,B,3.0-1.0-0.0,MTh 09:30-11:00,,,100,LH 521,,,,
136,RURAL INDIA AND PLANNING FOR DEVELOPMENT-RDL710,RDL710,A,3.0-0.0-0.0,MTh 08:00-09:30,,,60,LH 521,,,,
928,ENERGY AND INFRASTRUCTURE FINANCE: A PUBLIC POLICY LENS-SPL720,SPL720,AA,3.0-0.0-0.0,MTh 14:00-15:30,,,30,LH 521,,,,
249,GEOTECHNICAL ENGINEERING-CVL321,CVL321,D,3.0-1.0-0.0,TWF 09:00-10:00,MTThF 14:00-15:00,,120,LH 526,,,,
565,FUNDAMENTALS OF LANGUAGE SCIENCES-HUL242,HUL242,A,3.0-1.0-0.0,MTh 08:00-09:30,MTThF 13:00-14:00,,150,LH 526,,,,
566,FUNDAMENTALS OF LANGUAGE SCIENCES-HUL242,HUL242,M,3.0-1.0-0.0,MTh 17:00-18:30,,,150,LH 526,,,,
750,WELDING AND ALLIED PROCESSES-MCL135,MCL135,F,3.0-0.0-0.0,TThF 11:00-12:00,,,100,LH 526,,,,
756,HEAT AND MASS TRANSFER-MCL242,MCL242,B,3.0-1.0-0.0,MTh 09:30-11:00,,,150,LH 526,,,,
599,MANAGERIAL ACC. & FINAC. MGMT.-MSL302,MSL302,A,3.0-0.0-0.0,MTh 08:00-09:30,,,80,LH 526,,,,
755,MANUFACTURING PROCESSES II-MCL231,MCL231,F,3.0-0.0-0.0,TThF 11:00-12:00,,,100,LH 527,,,,
727,LINEAR ALGEBRA-MTL860,MTL860,E,3.0-0.0-0.0,TWF 10:00-11:00,,,30,LH 527,,,,
953,POLYMER CHEMISTRY-TXL130,TXL130,B,3.0-0.0-0.0,MTh 09:30-11:00,,,150,LH 527,,,,
961,FUNCTIONAL AND SMART TEXTILES-TXL719,TXL719,AD,3.0-0.0-0.0,TF 15:30-17:00,,,50,LH 527,,,,
30,ADVANCED FLUID DYNAMICS-APL361,APL361,E,3.0-0.0-0.0,TWF 10:00-11:00,,,60,LH 602,,,,
121,MOLECULAR BIOENGINEERING FOR HUMAN HEALTH-BML707,BML707,AA,3.0-0.0-0.0,MTh 14:00-15:30,,,60,LH 602,,,,
427,SIGNAL THEORY-ELL711,ELL711,A,3.0-0.0-0.0,MTh 08:00-09:30,,,100,LH 602,,,,
428,DIGITAL COMMUNICATIONS-ELL712,ELL712,M,3.0-0.0-0.0,MTh 17:00-18:30,,,100,LH 602,,,,
448,SOFTWARE FUNDAMENTALS FOR COMP-ELL781,ELL781,C,3.0-0.0-0.0,TWF 08:00-09:00,,,50,LH 602,,,,
491,ANALOG AND DIGITAL ELECTRONICS-ESL261,ESL261,F,3.0-0.0-0.0,TThF 11:00-12:00,,,60,LH 602,,,,
538,RESEARCH METHODS IN COGNITIVE SCIENCE-HSL721,HSL721,J,1.0-0.0-4.0,MTF 12:00-13:00,,,30,LH 602,,,,
585,SELECTED TOPICS IN SOCIOLOGY-HUL380,HUL380,H,3.0-0.0-0.0,"MW 11:00-12:00 ,Th 12:00-13:00",,,150,LH 602,,,,
775,INDUSTRIAL ENGINEERING SYSTEMS-MCL751,MCL751,D,1.0-0.0-4.0,TWF 09:00-10:00,,,45,LH 602,,,,
665,MATERIALS MODELLING-MLL213,MLL213,F,1.0-0.0-4.0,TThF 11:00-12:00,,,45,LH 602,,,,
669,MATERIALS PROCESSING-MLL371,MLL371,B,2.0-0.0-2.0,MTh 09:30-11:00,,,45,LH 602,,,,
719,FOURIER ANALYSIS-MTL743,MTL743,AB,3.0-0.0-0.0,MTh 15:30-17:00,,,10,LH 602,,,,
109,SPECIAL TOPICS IN ATMOSPHERE AND OCEAN-ASP855,ASP855,X,1.0-0.0-4.0,,,,10,LH 603,,,,
283,CONSTITUTIVE MODELLING INGEOTECHNICS-CVL801,CVL801,B,3.0-0.0-0.0,MTh 09:30-11:00,,,30,LH 603,,,,
298,ADVANCED WATER AND WASTEWATER LABORATORY-CVP821,CVP821,AA,1.0-0.0-4.0,MTh 14:00-15:30,,,20,LH 603,,,,
511,ENERGY STORAGE-ESL772,ESL772,H,3.0-0.0-0.0,"MW 11:00-12:00 ,Th 12:00-13:00",,,60,LH 603,,,,
873,ULTRA-FAST OPTICS & APPLICATI.-PYL770,PYL770,F,3.0-0.0-0.0,TThF 11:00-12:00,,,70,LH 603,,,,
902,MOLECULAR CELL BIOLOGY & GENETICS-SBL500,SBL500,AD,3.0-0.0-2.0,TF 15:30-17:00,,,30,LH 603,,,,
903,MATHEMATICAL AND STATISTICAL BIOLOGY-SBL510,SBL510,A,3.0-0.0-2.0,MTh 08:00-09:30,,,30,LH 603,,,,
904,BIOCHEMISTRY-SBL520,SBL520,AB,3.0-0.0-2.0,MTh 15:30-17:00,,,30,LH 603,,,,
905,BIOLOGY OF MICROBES-SBL530,SBL530,C,3.0-0.0-2.0,TWF 08:00-09:00,,,30,LH 603,,,,
906,EXPERIMENTAL METHODS IN BIOLOGY-SBL540,SBL540,M,3.0-0.0-2.0,MTh 17:00-18:30,,,30,LH 603,,,,
913,INTRODUCTION AND TECHNIQUES: IMMUNOMETABOLISM-SBL733,SBL733,K,3.0-0.0-0.0,"W 12:00-13:00 ,TF 17:00-18:00",,,60,LH 603,,,,
991,"SPECIAL TOPICS IN MOBILITY AND TRAFFIC SAFETY (FREIGHT TRANSPORTATION: PLANNING, PERFORMANCE, POLICIES, AND PRACTICES)-TRL851B",TRL851B,AC,3.0-0.0-0.0,TF 14:00-15:30,,,30,LH 603,,,,
893,DEEP LEARNING-AIL721,AIL721,K,3.0-0.0-2.0,"W 12:00-13:00 ,TF 17:00-18:00",,,25,LH 604,,,,
175,ELECTROCHEM. CONV. & STO. DEV.-CLL722,CLL722,B,3.0-0.0-0.0,MTh 09:30-11:00,,,50,LH 604,,,,
326,ALGORITHMIC GRAPH THEORY-COL751,COL751,AA,3.0-0.0-0.0,MTh 14:00-15:30,,,50,LH 604,,,,
263,HYDROLOGIC PROCESSES AND MODEL-CVL730,CVL730,C,3.0-0.0-0.0,TWF 08:00-09:00,,,30,LH 604,,,,
447,MATHEMATICAL FOUNDATIONS OF CO-ELL780,ELL780,AB,3.0-0.0-0.0,MTh 15:30-17:00,,,80,LH 604,,,,
449,COMPUTER ARCHITECTURE-ELL782,ELL782,M,3.0-0.0-0.0,MTh 17:00-18:30,,,70,LH 604,,,,
492,POWER ELECTRONICS AND DRIVES FOR ENERGY ENGG.-ESL263,ESL263,E,3.0-0.0-0.0,TWF 10:00-11:00,,,60,LH 604,,,,
493,INTRODUCTION TO PLASMA CONCEPTS-ESL280,ESL280,F,3.0-0.0-2.0,TThF 11:00-12:00,,,60,LH 604,,,,
505,NON-CONVENTIONAL SOURCES OF ENERGY-ESL740,ESL740,H,3.0-0.0-0.0,"MW 11:00-12:00 ,Th 12:00-13:00",,,90,LH 604,,,,
678,POROUS MATERIALS-MLL732,MLL732,J,3.0-0.0-0.0,MTF 12:00-13:00,,,40,LH 604,,,,
868,QUANTUM INFORMATION & COMPUTA.-PYL749,PYL749,D,3.0-0.0-0.0,TWF 09:00-10:00,,,70,LH 604,,,,
99,"INTRODUCTION TO WEATHER, CLIMA-ASL730",ASL730,AB,1.0-0.0-0.0,MTh 15:30-17:00,,,17,LH 605,,,,
104,SCIENCE OF CLIMATE CHANGE-ASL736,ASL736,J,3.0-0.0-0.0,MTF 12:00-13:00,,,30,LH 605,,,,
123,MEDICAL IMAGING-BML720,BML720,AD,3.0-0.0-0.0,TF 15:30-17:00,,,60,LH 605,,,,
207,SYNTHESIS OF INDUSTRIALLY IMPO-CML724,CML724,K,3.0-0.0-0.0,"W 12:00-13:00 ,TF 17:00-18:00",,,30,LH 605,,,,
253,RIVER MECHANICS-CVL485,CVL485,F,2.0-0.0-2.0,TThF 11:00-12:00,,,30,LH 605,,,,
379,SPECIAL TOPICS IN DESIGN 1-DDL810,DDL810,AC,3.0-0.0-0.0,TF 14:00-15:30,,,20,LH 605,,,,
664,CHARACTERIZATION OF MATERIALS-II-MLL203,MLL203,H,3.0-0.0-0.0,"MW 11:00-12:00 ,Th 12:00-13:00",,,50,LH 605,,,,
850,APPLIED QUANTUM MECHANICS-PYL331,PYL331,E,3.0-0.0-0.0,TWF 10:00-11:00,,,70,LH 605,,,,
9,SHIP DYNAMICS-AML793,AML793,H,3.0-0.0-0.0,"MW 11:00-12:00 ,Th 12:00-13:00",,,35,LH 606,,,,
194,QUANTUM CHEMISTRY-CML511,CML511,D,3.0-0.0-0.0,TWF 09:00-10:00,,,80,LH 606,,,,
275,FINITE ELEMENT METHODS IN STR-CVL757,CVL757,C,2.0-0.0-2.0,TWF 08:00-09:00,,,60,LH 606,,,,
282,FORMWORK FOR CONCRETE STRUCTU-CVL779,CVL779,B,3.0-0.0-0.0,MTh 09:30-11:00,,,40,LH 606,,,,
433,MICRO AND NANOELECTRONICS-ELL732,ELL732,A,3.0-0.0-0.0,MTh 08:00-09:30,,,75,LH 606,,,,
667,"ELECTRONIC, OPTICAL AND MAGNETIC PROPERTIES OF MATERIALS-MLL253",MLL253,E,3.0-0.0-0.0,TWF 10:00-11:00,,,45,LH 606,,,,
676,POLYMER ENGINEERING AND RHEOLOGY-MLL724,MLL724,AB,3.0-0.0-0.0,MTh 15:30-17:00,,,40,LH 606,,,,
679,CREEP AND SUPERPLASTICITY OF MATERIALS-MLL752,MLL752,J,3.0-0.0-0.0,MTF 12:00-13:00,,,60,LH 606,,,,
925,"SCIENCE, TECHNOLOGY, INNOVATION AND SUSTAINABLE DEVELOPMENT-SPL706",SPL706,B,3.0-0.0-0.0,MTh 09:30-11:00,,,50,LH 606,,,,
926,STATISTICS FOR PUBLIC POLICY-SPL708,SPL708,M,3.0-0.0-0.0,MTh 17:00-18:30,,,50,LH 606,,,,
8,SHIP RESISTANCE & PROPULSION-AML791,AML791,J,3.0-0.0-0.0,MTF 12:00-13:00,,,30,LH 611,,,,
32,EXPERIMENTAL TECHNIQUES IN FLUIDS AND SOLIDS-APL390,APL390,F,2.0-0.0-3.0,TThF 11:00-12:00,,,60,LH 611,,,,
36,ENGINEERING MATHEMATIC & COMP.-APL703,APL703,A,3.0-0.0-2.0,MTh 08:00-09:30,,,60,LH 611,,,,
173,NATURAL GAS PROCESSING-CLL704,CLL704,E,3.0-0.0-0.0,TWF 10:00-11:00,,,50,LH 611,,,,
197,MAIN GROUP CHEMISTRY-CML514,CML514,B,3.0-0.0-0.0,MTh 09:30-11:00,,,70,LH 611,,,,
271,AIRPORT PLANNING AND DESIGN-CVL743,CVL743,D,3.0-0.0-0.0,TWF 09:00-10:00,,,30,LH 611,,,,
529,PHILOSOPHICAL THINKING-HSL551,HSL551,AB,3.0-0.0-0.0,MTh 15:30-17:00,,,30,LH 611,,,,
712,PROBABILITY AND STATISTICS-MTL601,MTL601,H,3.0-1.0-0.0,"MW 11:00-12:00 ,Th 12:00-13:00",,,100,LH 611,,,,
714,PARTIAL DIFFERENTIAL EQUATIONS-MTL603,MTL603,M,3.0-1.0-0.0,MTh 17:00-18:30,,,100,LH 611,,,,
848,OPTICS AND PHOTONICS II-PYL209,PYL209,C,3.0-0.0-0.0,TWF 08:00-09:00,,,100,LH 611,,,,
137,ECOLOGICAL PERSPECTIVE OF GROWTH AND DEVLOPMENT-RDL725,RDL725,AA,3.0-0.0-0.0,MTh 14:00-15:30,,,80,LH 611,,,,
103,ATMOSPHERIC CHEMISTRY AND AIR-ASL735,ASL735,D,3.0-0.0-0.0,TWF 09:00-10:00,,,30,LH 612,,,,
107,AIR - SEA INTERACTION-ASL762,ASL762,F,3.0-0.0-0.0,TThF 11:00-12:00,,,30,LH 612,,,,
68,DATA ANALYTICS AND INFORMATICS FOR BIOTECHNOLOGY-BBL772,BBL772,A,2.0-0.0-2.0,MTh 08:00-09:30,,,31,LH 612,,,,
122,INDUSTRIAL BIOMATERIAL TECHNOLOGY-BML710,BML710,AC,3.0-0.0-0.0,TF 14:00-15:30,,,60,LH 612,,,,
87,TECHNOLOGY OF RF AND MICROWAVE SOLID STATE DEVICES-CRL725,CRL725,J,3.0-0.0-0.0,MTF 12:00-13:00,,,50,LH 612,,,,
269,URBAN AND REGIONAL TRANSPORTAT-CVL741,CVL741,AA,3.0-0.0-2.0,MTh 14:00-15:30,,,20,LH 612,,,,
372,DESIGNING FOR SOCIETY & CULTURE-DDL314,DDL314,B,1.0-0.0-4.0,MTh 09:30-11:00,,,20,LH 612,,,,
375,INFORMATION DESIGN & DATA VISUALIZATION-DDL725,DDL725,AD,2.0-0.0-2.0,TF 15:30-17:00,,,50,LH 612,,,,
521,MACROECONOMICS I-HSL512,HSL512,B,3.0-1.0-0.0,MTh 09:30-11:00,,,60,LH 612,,,,
785,MECHANICS AND CONTROL OF ROBOTS-MCL799,MCL799,H,3.0-0.0-0.0,"MW 11:00-12:00 ,Th 12:00-13:00",,,30,LH 612,,,,
870,OPTICAL SYSTEMS DESIGN-PYL753,PYL753,E,3.0-0.0-0.0,TWF 10:00-11:00,,,70,LH 612,,,,
933,"SPECIAL MODULE ON PUBLIC POLICY IN DATA, COMMUNICATION AND COMPUTATION-SPV794",SPV794,AB,1.0-0.0-0.0,MTh 15:30-17:00,,,30,LH 612,,,,
39,PROBABILISTIC MACHINE LEARNING FOR MECHANICS-APL744,APL744,B,3.0-0.0-2.0,MTh 09:30-11:00,,,60,LH 613,,,,
106,REMOTE SENSING OF THE ATMOSPHERE AND OCEAN-ASL755,ASL755,A,3.0-0.0-0.0,MTh 08:00-09:30,,,30,LH 613,,,,
178,FUNDAMENTALS OF CAPILLARITY AND WETTING-CLL763,CLL763,E,3.0-0.0-0.0,TWF 10:00-11:00,,,60,LH 613,,,,
181,PETROLEUM REFINERY ENGINEERING-CLL794,CLL794,F,3.0-0.0-0.0,TThF 11:00-12:00,,,60,LH 613,,,,
88,SENSORS AND TRANSDUCERS-CRL729,CRL729,H,3.0-0.0-0.0,"MW 11:00-12:00 ,Th 12:00-13:00",,,60,LH 613,,,,
457,SPECIAL TOPICS IN COMPUTERS 1-ELL880,ELL880,AA,3.0-0.0-0.0,MTh 14:00-15:30,,,50,LH 613,,,,
779,METAL FORMING ANALYSIS-MCL769,MCL769,D,3.0-0.0-2.0,TWF 09:00-10:00,,,50,LH 613,,,,
674,POLYMER PHYSICS-MLL721,MLL721,M,3.0-0.0-0.0,MTh 17:00-18:30,,,40,LH 613,,,,
861,ELECTRONIC PROPERTIES OF MATERIALS-PYL703,PYL703,J,3.0-0.0-0.0,MTF 12:00-13:00,,,70,LH 613,,,,
867,ADVANCED STATISTICAL MECHANICS-PYL745,PYL745,AB,3.0-0.0-0.0,MTh 15:30-17:00,,,70,LH 613,,,,
100,MATHEMATICAL AND COMPUTATIONAL-ASL732,ASL732,E,2.0-0.0-2.0,TWF 10:00-11:00,,,16,LH 614,,,,
62,GENOMICS AND PROTEOMICS-BBL735,BBL735,D,2.0-0.0-2.0,TWF 09:00-10:00,,,30,LH 614,,,,
127,SELECTED TOPICS IN BIOMEDICAL ENGINEERING-BML815,BML815,K,2.0-0.0-0.0,"W 12:00-13:00 ,TF 17:00-18:00",,,30,LH 614,,,,
339,SPL. TOPICS IN CRYPTOGRAPHY-COL872,COL872,AC,3.0-0.0-0.0,TF 14:00-15:30,,,30,LH 614,,,,
115,CHARGING INFRASTRUCTURE FOR EVS-CTL709,CTL709,J,3.0-0.0-0.0,MTF 12:00-13:00,,,30,LH 614,,,,
423,NONLINEAR SYSTEMS-ELL702,ELL702,AA,3.0-0.0-0.0,MTh 14:00-15:30,,,50,LH 614,,,,
526,BASICS OF PROGRAMMING FOR COGNITIVE SCIENCE-HSL522,HSL522,B,1.0-0.0-2.0,MTh 09:30-11:00,,,30,LH 614,,,,
717,ANALYTIC NUMBER THEORY-MTL736,MTL736,M,3.0-0.0-0.0,MTh 17:00-18:30,,,50,LH 614,,,,
718,COMMUTATIVE ALGEBRA-MTL738,MTL738,AD,3.0-0.0-0.0,TF 15:30-17:00,,,30,LH 614,,,,
910,DECODING PROTEIN MODIFICATIONS IN BIOLOGY-SBL724,SBL724,H,3.0-0.0-0.0,"MW 11:00-12:00 ,Th 12:00-13:00",,,50,LH 614,,,,
912,CONCEPTS IN THREE-DIMENSIONAL CELL CULTURE-SBL732,SBL732,F,3.0-0.0-0.0,TThF 11:00-12:00,,,60,LH 614,,,,
42,ADVANCED FINITE ELEMENT METHOD-APL805,APL805,J,3.0-0.0-0.0,MTF 12:00-13:00,,,30,LH 615,,,,
101,PHYSICS OF THE ATMOSPHERE-ASL733,ASL733,B,3.0-0.0-0.0,MTh 09:30-11:00,,,50,LH 615,,,,
266,FINITE ELEMENT IN WATER RESOU.-CVL735,CVL735,H,3.0-0.0-0.0,"MW 11:00-12:00 ,Th 12:00-13:00",,,30,LH 615,,,,
675,POLYMER CHARACTERIZATION-MLL723,MLL723,D,3.0-0.0-0.0,TWF 09:00-10:00,,,50,LH 615,,,,
677,SMART POLYMERIC MATERIALS-MLL727,MLL727,F,3.0-0.0-0.0,TThF 11:00-12:00,,,60,LH 615,,,,
724,MULTIVARIATE STATISTICAL METH.-MTL766,MTL766,E,3.0-0.0-0.0,TWF 10:00-11:00,,,150,LH 615,,,,
863,VACUUM SCIENCE AND CRYOGENICS-PYL723,PYL723,A,3.0-0.0-0.0,MTh 08:00-09:30,,,70,LH 615,,,,
872,COMPUTATIONAL OPTICAL IMAGING-PYL759,PYL759,M,3.0-0.0-0.0,MTh 17:00-18:30,,,70,LH 615,,,,
931,GEOGRAPHICAL INFORMATION SYSTEMS (GIS) FOR PUBLIC POLICY-SPL754,SPL754,AB,2.0-0.0-2.0,MTh 15:30-17:00,,,60,LH 615,,,,
67,MICROBIAL BIOCHEMISTRY AND MOLECULAR BIOLOGY-BBL771,BBL771,B,3.0-0.0-2.0,MTh 09:30-11:00,,,30,LH 619,,,,
206,DESIGN AND SYNTHESIS-CML721,CML721,E,3.0-0.0-0.0,TWF 10:00-11:00,,,55,LH 619,,,,
323,PARALLEL PROGRAMMING-COL730,COL730,AB,3.0-0.0-2.0,MTh 15:30-17:00,,,30,LH 619,,,,
274,ADVANCED STRUCTURAL ANALYSIS-CVL756,CVL756,H,3.0-0.0-0.0,"MW 11:00-12:00 ,Th 12:00-13:00",,,40,LH 619,,,,
284,INDOOR ENVIRONMENTAL QUALITY: THEORY AND PRACTICE-CVL829,CVL829,D,2.0-0.0-2.0,TWF 09:00-10:00,,,50,LH 619,,,,
288,INFRASTRUCTURE DEVELOPMENT AND-CVL872,CVL872,A,3.0-0.0-0.0,MTh 08:00-09:30,,,40,LH 619,,,,
383,DESIGN AND INNOVATION METHODS-DDP721,DDP721,AA,1.0-0.0-4.0,MTh 14:00-15:30,,,40,LH 619,,,,
144,RURAL INNOVATION & ENTREPRENEURSHIP-RDL780,RDL780,M,3.0-0.0-0.0,MTh 17:00-18:30,,,60,LH 619,,,,
972,PRODUCT DESIGN AND DEVELOPMENT-TXL777,TXL777,F,3.0-0.0-0.0,TThF 11:00-12:00,,,50,LH 619,,,,
105,PHYSICAL AND DYNAMICAL OCEANOGRAPHY-ASL737,ASL737,H,3.0-0.0-0.0,"MW 11:00-12:00 ,Th 12:00-13:00",,,30,LH 620,,,,
213,MOLECULAR MODELLING AND SIMULA-CML801,CML801,AB,3.0-0.0-0.0,MTh 15:30-17:00,,,35,LH 620,,,,
85,CAD OF RF AND MICROWAVE DEVICES-CRL711,CRL711,A,3.0-0.0-2.0,MTh 08:00-09:30,,,60,LH 620,,,,
262,ENVIRONMENTAL CHEMISTRY AND MI-CVL725,CVL725,AC,1.0-0.0-4.0,TF 14:00-15:30,,,30,LH 620,,,,
940,MATERIAL & MECHANICAL DESIGN-DSL603,DSL603,J,3.0-0.0-0.0,MTF 12:00-13:00,,,20,LH 620,,,,
440,MODELLING OF ELECTRICAL MACHIN-ELL750,ELL750,F,3.0-0.0-0.0,TThF 11:00-12:00,,,35,LH 620,,,,
445,PLANNING AND OPERATION OF A SM-ELL772,ELL772,K,3.0-0.0-0.0,"W 12:00-13:00 ,TF 17:00-18:00",,,35,LH 620,,,,
541,PSYCHOLINGUISTICS-HSL745,HSL745,AA,3.0-0.0-0.0,MTh 14:00-15:30,,,30,LH 620,,,,
763,TURBOMACHINERY-MCL346,MCL346,B,3.0-0.0-2.0,MTh 09:30-11:00,,,20,LH 620,,,,
711,COMPUTER PROGRAMMING-MTL505,MTL505,F,3.0-1.0-0.0,TThF 11:00-12:00,MTThF 13:00-14:00,,100,LH 620,,,,
864,SURFACE PHYSICS AND ANALYSIS-PYL725,PYL725,C,3.0-0.0-0.0,TWF 08:00-09:00,,,70,LH 620,,,,
911,MODERN TRENDS IN DRUG DEVELOPMENT-SBL730,SBL730,E,3.0-0.0-0.0,TWF 10:00-11:00,,,50,LH 620,,,,
257,ENGINEERING PROPERTIES OF ROCK-CVL710,CVL710,B,3.0-0.0-0.0,MTh 09:30-11:00,,,30,LH 621,,,,
281,BUILDING SCIENCE-CVL777,CVL777,E,3.0-0.0-0.0,TWF 10:00-11:00,,,60,LH 621,,,,
371,CREATIVITY & SUSTAINABILITY IN NATURE-DDL313,DDL313,M,1.0-0.0-4.0,MTh 17:00-18:30,,,20,LH 621,,,,
443,POWER SYSTEM ANALYSIS-ELL770,ELL770,A,3.0-0.0-0.0,MTh 08:00-09:30,,,35,LH 621,,,,
767,ADVANCED FLUID MECHANICS-MCL702,MCL702,H,3.0-0.0-0.0,"MW 11:00-12:00 ,Th 12:00-13:00",,,50,LH 621,,,,
859,PHYSICAL FOUNDATIONS OF MATERIALS SCIENCE-PYL701,PYL701,D,3.0-0.0-0.0,TWF 09:00-10:00,,,70,LH 621,,,,
924,INTRODUCTION TO PUBLIC POLICY AND STI-SPL704,SPL704,F,3.0-0.0-0.0,TThF 11:00-12:00,,,60,LH 621,,,,
37,PHYSICS OF TURBULENT FLOWS-APL715,APL715,J,3.0-0.0-0.0,MTF 12:00-13:00,,,30,LH 622,,,,
124,FUNDAMENTALS OF BIOMECHANICS-BML770,BML770,H,3.0-0.0-0.0,"MW 11:00-12:00 ,Th 12:00-13:00",,,60,LH 622,,,,
113,INTRODUCTION TO ELECTRIC VEHICLES-CTL703,CTL703,A,3.0-0.0-0.0,MTh 08:00-09:30,,,30,LH 622,,,,
114,ENGINEERING OF ELECTRIC VEHICLES-CTL705,CTL705,D,3.0-0.0-0.0,TWF 09:00-10:00,,,30,LH 622,,,,
258,STRUCTURAL GEOLOGY-CVL711,CVL711,C,3.0-0.0-0.0,TWF 08:00-09:00,,,30,LH 622,,,,
380,SPECIAL TOPICS IN DESIGN 2-DDL820,DDL820,E,3.0-0.0-0.0,TWF 10:00-11:00,,,25,LH 622,,,,
944,INTEGRATED QUANTUM PHOTONICS-DSL742,DSL742,X,3.0-0.0-0.0,,,,30,LH 622,,,,
421,LINEAR SYSTEMS THEORY-ELL700,ELL700,B,3.0-0.0-0.0,MTh 09:30-11:00,,,50,LH 622,,,,
446,POWER SYSTEM DYNAMICS-ELL775,ELL775,F,3.0-0.0-0.0,TThF 11:00-12:00,,,35,LH 622,,,,
456,ADVANCED TOPICS IN POWER ELECT-ELL856,ELL856,K,3.0-0.0-0.0,"W 12:00-13:00 ,TF 17:00-18:00",,,35,LH 622,,,,
264,OPTIMIZATION TECH. IN WATER RE-CVL731,CVL731,B,3.0-0.0-0.0,MTh 09:30-11:00,,,30,LH 623,,,,
289,FIRE ENGINEERING AND DESIGN-CVL873,CVL873,M,3.0-0.0-0.0,MTh 17:00-18:30,,,25,LH 623,,,,
508,SOLAR THERMAL TECHNOLOGIES AND APPLICATIONS-ESL753,ESL753,F,3.0-0.0-0.0,TThF 11:00-12:00,,,60,LH 623,,,,
527,LITERARY THEORY-HSL531,HSL531,J,3.0-0.0-0.0,MTF 12:00-13:00,,,30,LH 623,,,,
781,MACHINING PROCESSES AND ANALYS-MCL781,MCL781,E,3.0-0.0-2.0,TWF 10:00-11:00,,,50,LH 623,,,,
670,STRUCTURE AND CHARACTERISATION OF MATERIALS-MLL701,MLL701,A,3.0-0.0-0.0,MTh 08:00-09:30,,,40,LH 623,,,,
725,FINITE ELEMENT THEORY & APPLI.-MTL781,MTL781,H,3.0-0.0-0.0,"MW 11:00-12:00 ,Th 12:00-13:00",,,75,LH 623,,,,
855,ELECTRONICS-PYL557,PYL557,C,3.0-1.0-0.0,TWF 08:00-09:00,,,70,LH 623,,,,
877,NUM. & COMP. METH. IN RESEARCH-PYL800,PYL800,D,3.0-0.0-0.0,TWF 09:00-10:00,,,70,LH 623,,,,
682,MATERIALS PROCESSING AND CHARACTERIZATION LAB-MLP704,MLP704,X,1.0-1.0-4.0,,,,40,TX 120,,,,
958,H.P. AND SPECIALTY FIBRES-TXL710,TXL710,F,3.0-0.0-0.0,TThF 11:00-12:00,,,55,TX 120,,,,
959,POLYMER AND FIBRE PHYSICS-TXL712,TXL712,B,3.0-0.0-0.0,MTh 09:30-11:00,,,30,TX 120,,,,
962,THEORY OF YARN STRUCTURE-TXL721,TXL721,E,3.0-0.0-0.0,TWF 10:00-11:00,,,30,TX 120,,,,
963,MECHANICS OF SPINNING PROCESSE-TXL722,TXL722,AB,3.0-0.0-0.0,MTh 15:30-17:00,,,50,TX 120,,,,
966,NONWOVEN SCIENCE & ENGINEERING-TXL734,TXL734,H,3.0-0.0-0.0,"MW 11:00-12:00 ,Th 12:00-13:00",,,50,TX 120,,,,
969,SCIENCE OF CLOTHING COMFORT-TXL750,TXL750,D,3.0-0.0-0.0,TWF 09:00-10:00,,,50,TX 120,,,,
973,HEAT AND MASS TRANSPORT IN FIBROUS MATERIALS-TXL785,TXL785,J,3.0-0.0-0.0,MTF 12:00-13:00,,,50,TX 120,,,,
182,SEL. TOPICS IN CHEM. ENGG. - I-CLL798,CLL798,E,3.0-0.0-0.0,TWF 10:00-11:00,,,50,V 344,,,,
254,ENGINEERING BEHAVIOUR OF SOILS-CVL700,CVL700,B,3.0-0.0-0.0,MTh 09:30-11:00,,,30,V 344,,,,
273,DATA ANALYSIS FOR TRANSPORTATION ENGINEERING-CVL748,CVL748,A,3.0-0.0-0.0,MTh 08:00-09:30,,,20,V 344,,,,
866,FIELD THEORY & QUANTUM ELECTR.-PYL741,PYL741,F,3.0-0.0-0.0,TThF 11:00-12:00,,,70,V 344,,,,
784,ADDITIVE MANUFACTURING-MCL796,MCL796,B,3.0-0.0-2.0,MTh 09:30-11:00,,,40,V 417,,,,
596,DERIVATIVES-MDL806,MDL806,B,3.0-0.0-0.0,MTh 09:30-11:00,,,60,V 418,,,,
7,DYNAMICS-AML733,AML733,B,3.0-0.0-0.0,MTh 09:30-11:00,,,35,VI LT 1,,,,
38,ADVANCED DYNAMICS-APL734,APL734,B,3.0-0.0-0.0,MTh 09:30-11:00,,,60,VI LT 1,,,,
695,LINEAR ALGEBRA & APPLICATIONS-MTL104,MTL104,D,3.0-0.0-0.0,TWF 09:00-10:00,,,150,VI LT 1,,,,
318,LOGIC FOR COMPUTER SCIENCE-COL703,COL703,B,3.0-0.0-2.0,MTh 09:30-11:00,,,100,VI LT 2,,,,
952,TEXTILE FIBRES-TXL111,TXL111,D,2.0-0.0-2.0,TWF 09:00-10:00,,,120,VI LT 2,,,,
957,TECH. OF TEXTILE COLORATION-TXL242,TXL242,F,3.0-0.0-0.0,TThF 11:00-12:00,,,120,VI LT 2,,,,
782,WELDING SCIENCE AND TECHNOLOGY-MCL787,MCL787,A,3.0-0.0-2.0,MTh 08:00-09:30,,,50,WS 101,,,,
956,FABRIC MANUFACTURE II-TXL232,TXL232,D,3.0-0.0-0.0,TWF 09:00-10:00,,,120,WS 101,,,,